customer_id,transaction_date,ticket_price,discount,product
660c3305600895f32784a8922e4d6dab,2010/01/02,0.01,,basic
660c3305600895f32784a8922e4d6dab,2010/01/02,9.99,,basic
660c3305600895f32784a8922e4d6dab,2010/02/01,9.99,,basic
660c3305600895f32784a8922e4d6dab,2010/03/03,9.99,,basic
660c3305600895f32784a8922e4d6dab,2010/04/02,9.99,,basic
660c3305600895f32784a8922e4d6dab,2010/05/02,9.99,,basic
660c3305600895f32784a8922e4d6dab,2010/06/01,9.99,,basic
660c3305600895f32784a8922e4d6dab,2010/07/01,9.99,,basic
660c3305600895f32784a8922e4d6dab,2010/07/31,9.99,,basic
660c3305600895f32784a8922e4d6dab,2010/08/30,9.99,,basic
660c3305600895f32784a8922e4d6dab,2010/09/29,9.99,,basic
660c3305600895f32784a8922e4d6dab,2010/10/29,9.99,,basic
660c3305600895f32784a8922e4d6dab,2010/11/28,9.99,,basic
660c3305600895f32784a8922e4d6dab,2010/12/28,9.99,,basic
0f4e1d49e68e382f0fae735241d3461f,2010/08/19,0.01,,platinum
0f4e1d49e68e382f0fae735241d3461f,2010/08/19,29.99,,platinum
0f4e1d49e68e382f0fae735241d3461f,2010/09/18,29.99,,platinum
0f4e1d49e68e382f0fae735241d3461f,2010/10/18,29.99,,platinum
0f4e1d49e68e382f0fae735241d3461f,2010/11/17,29.99,,platinum
0f4e1d49e68e382f0fae735241d3461f,2010/12/17,29.99,,platinum
0f4a6c6381b80cc119d0793de7302441,2010/01/05,0.01,,basic
0f4a6c6381b80cc119d0793de7302441,2010/01/05,9.99,,basic
0f4a6c6381b80cc119d0793de7302441,2010/02/04,9.99,,basic
0f4a6c6381b80cc119d0793de7302441,2010/03/06,9.99,5%,basic
0f4a6c6381b80cc119d0793de7302441,2010/04/05,9.99,5%,basic
0f4a6c6381b80cc119d0793de7302441,2010/05/05,9.99,,basic
0f4a6c6381b80cc119d0793de7302441,2010/06/04,9.99,,basic
0f4a6c6381b80cc119d0793de7302441,2010/07/04,9.99,,basic
0f4a6c6381b80cc119d0793de7302441,2010/08/03,9.99,,basic
0f4a6c6381b80cc119d0793de7302441,2010/09/02,9.99,,basic
0f4a6c6381b80cc119d0793de7302441,2010/10/02,9.99,,basic
0f4a6c6381b80cc119d0793de7302441,2010/11/01,9.99,5%,basic
0f4a6c6381b80cc119d0793de7302441,2010/12/01,9.99,,basic
0f4a6c6381b80cc119d0793de7302441,2010/12/31,9.99,,basic
5ed5a225540c594a3065db1b56b30189,2010/08/27,0.01,,basic
5ed5a225540c594a3065db1b56b30189,2010/08/27,9.99,,basic
5ed5a225540c594a3065db1b56b30189,2010/09/26,9.99,5%,basic
5ed5a225540c594a3065db1b56b30189,2010/10/26,9.99,10%,basic
5ed5a225540c594a3065db1b56b30189,2010/11/25,9.99,,basic
5ed5a225540c594a3065db1b56b30189,2010/12/25,9.99,,basic
c0fcac3d7e21df9816e3c59a2a29b9ee,2010/03/12,0.01,,deluxe
c0fcac3d7e21df9816e3c59a2a29b9ee,2010/03/12,14.99,,deluxe
c0fcac3d7e21df9816e3c59a2a29b9ee,2010/04/11,14.99,,deluxe
c0fcac3d7e21df9816e3c59a2a29b9ee,2010/05/11,14.99,,deluxe
c0fcac3d7e21df9816e3c59a2a29b9ee,2010/06/10,14.99,,deluxe
c0fcac3d7e21df9816e3c59a2a29b9ee,2010/07/10,14.99,,deluxe
c0fcac3d7e21df9816e3c59a2a29b9ee,2010/08/09,14.99,,deluxe
c0fcac3d7e21df9816e3c59a2a29b9ee,2010/09/08,14.99,,deluxe
c0fcac3d7e21df9816e3c59a2a29b9ee,2010/10/08,14.99,,deluxe
c0fcac3d7e21df9816e3c59a2a29b9ee,2010/11/07,14.99,,deluxe
c0fcac3d7e21df9816e3c59a2a29b9ee,2010/12/07,14.99,,deluxe
6a8040143b7cf86af0516e241afd5481,2010/10/23,0.01,,deluxe
6a8040143b7cf86af0516e241afd5481,2010/10/23,14.99,,deluxe
6a8040143b7cf86af0516e241afd5481,2010/11/22,14.99,,deluxe
6a8040143b7cf86af0516e241afd5481,2010/12/22,14.99,,deluxe
3e0af07f17b18436ac39a37ad5b9f25a,2010/04/27,0.01,,basic
3e0af07f17b18436ac39a37ad5b9f25a,2010/04/27,9.99,10%,basic
3e0af07f17b18436ac39a37ad5b9f25a,2010/05/27,9.99,,basic
3e0af07f17b18436ac39a37ad5b9f25a,2010/06/26,9.99,,basic
3e0af07f17b18436ac39a37ad5b9f25a,2010/07/26,9.99,,basic
3e0af07f17b18436ac39a37ad5b9f25a,2010/08/25,9.99,,basic
3e0af07f17b18436ac39a37ad5b9f25a,2010/09/24,9.99,,basic
3e0af07f17b18436ac39a37ad5b9f25a,2010/10/24,9.99,10%,basic
3e0af07f17b18436ac39a37ad5b9f25a,2010/11/23,9.99,,basic
3e0af07f17b18436ac39a37ad5b9f25a,2010/12/23,9.99,,basic
7b51f132f63d1d01b61ab6a916dbda3d,2010/07/23,0.01,,basic
7b51f132f63d1d01b61ab6a916dbda3d,2010/07/23,9.99,,basic
7b51f132f63d1d01b61ab6a916dbda3d,2010/08/22,9.99,,basic
7b51f132f63d1d01b61ab6a916dbda3d,2010/09/21,9.99,,basic
7b51f132f63d1d01b61ab6a916dbda3d,2010/10/21,9.99,,basic
7b51f132f63d1d01b61ab6a916dbda3d,2010/11/20,9.99,,basic
7b51f132f63d1d01b61ab6a916dbda3d,2010/12/20,9.99,,basic
c0985696abc401c2c87e777edc332349,2010/07/27,0.01,,basic
c0985696abc401c2c87e777edc332349,2010/07/27,9.99,,basic
c0985696abc401c2c87e777edc332349,2010/08/26,9.99,,basic
c0985696abc401c2c87e777edc332349,2010/09/25,9.99,,basic
c0985696abc401c2c87e777edc332349,2010/10/25,9.99,,basic
c0985696abc401c2c87e777edc332349,2010/11/24,9.99,,basic
c0985696abc401c2c87e777edc332349,2010/12/24,9.99,,basic
50cc654251064bf1483d329df694f011,2010/02/12,0.01,,basic
50cc654251064bf1483d329df694f011,2010/02/12,9.99,10%,basic
50cc654251064bf1483d329df694f011,2010/03/14,9.99,,basic
50cc654251064bf1483d329df694f011,2010/04/13,9.99,,basic
50cc654251064bf1483d329df694f011,2010/05/13,9.99,,basic
50cc654251064bf1483d329df694f011,2010/06/12,9.99,,basic
50cc654251064bf1483d329df694f011,2010/07/12,9.99,,basic
50cc654251064bf1483d329df694f011,2010/08/11,9.99,5%,basic
50cc654251064bf1483d329df694f011,2010/09/10,9.99,,basic
50cc654251064bf1483d329df694f011,2010/10/10,9.99,,basic
50cc654251064bf1483d329df694f011,2010/11/09,9.99,,basic
50cc654251064bf1483d329df694f011,2010/12/09,9.99,,basic
a19858cc458a6b526b003dd58bd2738e,2010/10/16,0.01,,deluxe
a19858cc458a6b526b003dd58bd2738e,2010/10/16,14.99,5%,deluxe
a19858cc458a6b526b003dd58bd2738e,2010/11/15,14.99,,deluxe
a19858cc458a6b526b003dd58bd2738e,2010/12/15,14.99,,deluxe
09ffc7dda30af400c189769896fcabd4,2010/02/22,0.01,,basic
09ffc7dda30af400c189769896fcabd4,2010/02/22,9.99,,basic
09ffc7dda30af400c189769896fcabd4,2010/03/24,9.99,,basic
09ffc7dda30af400c189769896fcabd4,2010/04/23,9.99,,basic
09ffc7dda30af400c189769896fcabd4,2010/05/23,9.99,,basic
09ffc7dda30af400c189769896fcabd4,2010/06/22,9.99,5%,basic
09ffc7dda30af400c189769896fcabd4,2010/07/22,9.99,,basic
09ffc7dda30af400c189769896fcabd4,2010/08/21,9.99,,basic
09ffc7dda30af400c189769896fcabd4,2010/09/20,9.99,,basic
09ffc7dda30af400c189769896fcabd4,2010/10/20,9.99,,basic
09ffc7dda30af400c189769896fcabd4,2010/11/19,9.99,,basic
09ffc7dda30af400c189769896fcabd4,2010/12/19,9.99,,basic
45a9cf50bd3cd6165909d00df8f69c83,2010/05/14,0.01,,deluxe
45a9cf50bd3cd6165909d00df8f69c83,2010/05/14,14.99,,deluxe
45a9cf50bd3cd6165909d00df8f69c83,2010/06/13,14.99,,deluxe
45a9cf50bd3cd6165909d00df8f69c83,2010/07/13,14.99,,deluxe
45a9cf50bd3cd6165909d00df8f69c83,2010/08/12,14.99,,deluxe
45a9cf50bd3cd6165909d00df8f69c83,2010/09/11,14.99,,deluxe
45a9cf50bd3cd6165909d00df8f69c83,2010/10/11,14.99,,deluxe
45a9cf50bd3cd6165909d00df8f69c83,2010/11/10,14.99,,deluxe
45a9cf50bd3cd6165909d00df8f69c83,2010/12/10,14.99,,deluxe
9c26aac77b1de91695f2abf059434f24,2010/10/23,0.01,,basic
9c26aac77b1de91695f2abf059434f24,2010/10/23,9.99,,basic
9c26aac77b1de91695f2abf059434f24,2010/11/22,9.99,,basic
9c26aac77b1de91695f2abf059434f24,2010/12/22,9.99,,basic
55ee102bb7089b2dbd3671301acf4c8e,2010/02/17,0.01,,basic
55ee102bb7089b2dbd3671301acf4c8e,2010/02/17,9.99,,basic
55ee102bb7089b2dbd3671301acf4c8e,2010/03/19,9.99,,basic
55ee102bb7089b2dbd3671301acf4c8e,2010/04/18,9.99,,basic
55ee102bb7089b2dbd3671301acf4c8e,2010/05/18,9.99,,basic
55ee102bb7089b2dbd3671301acf4c8e,2010/06/17,9.99,,basic
55ee102bb7089b2dbd3671301acf4c8e,2010/07/17,9.99,,basic
55ee102bb7089b2dbd3671301acf4c8e,2010/08/16,9.99,20%,basic
55ee102bb7089b2dbd3671301acf4c8e,2010/09/15,9.99,,basic
55ee102bb7089b2dbd3671301acf4c8e,2010/10/15,9.99,,basic
55ee102bb7089b2dbd3671301acf4c8e,2010/11/14,9.99,,basic
55ee102bb7089b2dbd3671301acf4c8e,2010/12/14,9.99,,basic
d349ececfb68bc2113871ed6341a5765,2010/08/26,0.01,,deluxe
d349ececfb68bc2113871ed6341a5765,2010/08/26,14.99,,deluxe
d349ececfb68bc2113871ed6341a5765,2010/09/25,14.99,,deluxe
d349ececfb68bc2113871ed6341a5765,2010/10/25,14.99,,deluxe
d349ececfb68bc2113871ed6341a5765,2010/11/24,14.99,,deluxe
d349ececfb68bc2113871ed6341a5765,2010/12/24,14.99,,deluxe
378848d8d54535d14e90065f88b30f17,2010/05/25,0.01,,basic
378848d8d54535d14e90065f88b30f17,2010/05/25,9.99,,basic
378848d8d54535d14e90065f88b30f17,2010/06/24,9.99,,basic
378848d8d54535d14e90065f88b30f17,2010/07/24,9.99,,basic
378848d8d54535d14e90065f88b30f17,2010/08/23,9.99,,basic
378848d8d54535d14e90065f88b30f17,2010/09/22,9.99,,basic
378848d8d54535d14e90065f88b30f17,2010/10/22,9.99,,basic
378848d8d54535d14e90065f88b30f17,2010/11/21,9.99,,basic
378848d8d54535d14e90065f88b30f17,2010/12/21,9.99,,basic
05c3cc41edae0abf814be8ec9897879e,2010/05/17,0.01,,deluxe
05c3cc41edae0abf814be8ec9897879e,2010/05/17,14.99,,deluxe
05c3cc41edae0abf814be8ec9897879e,2010/06/16,14.99,,deluxe
05c3cc41edae0abf814be8ec9897879e,2010/07/16,14.99,,deluxe
05c3cc41edae0abf814be8ec9897879e,2010/08/15,14.99,,deluxe
05c3cc41edae0abf814be8ec9897879e,2010/09/14,14.99,,deluxe
05c3cc41edae0abf814be8ec9897879e,2010/10/14,14.99,,deluxe
05c3cc41edae0abf814be8ec9897879e,2010/11/13,14.99,10%,deluxe
05c3cc41edae0abf814be8ec9897879e,2010/12/13,14.99,,deluxe
5aaac92e28272c66a0f0938c3d2b8e0c,2010/02/03,0.01,,basic
5aaac92e28272c66a0f0938c3d2b8e0c,2010/02/03,9.99,5%,basic
5aaac92e28272c66a0f0938c3d2b8e0c,2010/03/05,9.99,,basic
5aaac92e28272c66a0f0938c3d2b8e0c,2010/04/04,9.99,,basic
5aaac92e28272c66a0f0938c3d2b8e0c,2010/05/04,9.99,,basic
5aaac92e28272c66a0f0938c3d2b8e0c,2010/06/03,9.99,,basic
5aaac92e28272c66a0f0938c3d2b8e0c,2010/07/03,9.99,,basic
5aaac92e28272c66a0f0938c3d2b8e0c,2010/08/02,9.99,,basic
5aaac92e28272c66a0f0938c3d2b8e0c,2010/09/01,9.99,,basic
5aaac92e28272c66a0f0938c3d2b8e0c,2010/10/01,9.99,,basic
5aaac92e28272c66a0f0938c3d2b8e0c,2010/10/31,9.99,,basic
5aaac92e28272c66a0f0938c3d2b8e0c,2010/11/30,9.99,,basic
5aaac92e28272c66a0f0938c3d2b8e0c,2010/12/30,9.99,,basic
c96edc2cca163c89fc9d244d4f9c3d13,2010/03/13,0.01,,basic
c96edc2cca163c89fc9d244d4f9c3d13,2010/03/13,9.99,,basic
c96edc2cca163c89fc9d244d4f9c3d13,2010/04/12,9.99,,basic
c96edc2cca163c89fc9d244d4f9c3d13,2010/05/12,9.99,,basic
c96edc2cca163c89fc9d244d4f9c3d13,2010/06/11,9.99,,basic
c96edc2cca163c89fc9d244d4f9c3d13,2010/07/11,9.99,,basic
c96edc2cca163c89fc9d244d4f9c3d13,2010/08/10,9.99,,basic
c96edc2cca163c89fc9d244d4f9c3d13,2010/09/09,9.99,,basic
c96edc2cca163c89fc9d244d4f9c3d13,2010/10/09,9.99,,basic
c96edc2cca163c89fc9d244d4f9c3d13,2010/11/08,9.99,,basic
c96edc2cca163c89fc9d244d4f9c3d13,2010/12/08,9.99,,basic
a7e721d5eb3ac3acf2360482e8a4fffb,2010/09/18,0.01,,basic
a7e721d5eb3ac3acf2360482e8a4fffb,2010/09/18,9.99,,basic
a7e721d5eb3ac3acf2360482e8a4fffb,2010/10/18,9.99,,basic
a7e721d5eb3ac3acf2360482e8a4fffb,2010/11/17,9.99,,basic
a7e721d5eb3ac3acf2360482e8a4fffb,2010/12/17,9.99,,basic
60211aeb91d6adfb1109745c938d1dd2,2010/10/20,0.01,,basic
60211aeb91d6adfb1109745c938d1dd2,2010/10/20,9.99,,basic
60211aeb91d6adfb1109745c938d1dd2,2010/11/19,9.99,,basic
60211aeb91d6adfb1109745c938d1dd2,2010/12/19,9.99,,basic
088a881043ac2dfdba0ed54c3aa21130,2010/05/04,0.01,,basic
088a881043ac2dfdba0ed54c3aa21130,2010/05/04,9.99,,basic
088a881043ac2dfdba0ed54c3aa21130,2010/06/03,9.99,,basic
088a881043ac2dfdba0ed54c3aa21130,2010/07/03,9.99,,basic
088a881043ac2dfdba0ed54c3aa21130,2010/08/02,9.99,5%,basic
088a881043ac2dfdba0ed54c3aa21130,2010/09/01,9.99,,basic
088a881043ac2dfdba0ed54c3aa21130,2010/10/01,9.99,,basic
088a881043ac2dfdba0ed54c3aa21130,2010/10/31,9.99,,basic
088a881043ac2dfdba0ed54c3aa21130,2010/11/30,9.99,5%,basic
088a881043ac2dfdba0ed54c3aa21130,2010/12/30,9.99,,basic
11a7ed65c77f4ec9caeb73b085b7d176,2010/09/28,0.01,,deluxe
11a7ed65c77f4ec9caeb73b085b7d176,2010/09/28,14.99,,deluxe
11a7ed65c77f4ec9caeb73b085b7d176,2010/10/28,14.99,,deluxe
11a7ed65c77f4ec9caeb73b085b7d176,2010/11/27,14.99,,deluxe
11a7ed65c77f4ec9caeb73b085b7d176,2010/12/27,14.99,5%,deluxe
cd01c9b422a1bea1c6d024d9806b9b3a,2010/02/16,0.01,,basic
cd01c9b422a1bea1c6d024d9806b9b3a,2010/02/16,9.99,,basic
cd01c9b422a1bea1c6d024d9806b9b3a,2010/03/18,9.99,,basic
cd01c9b422a1bea1c6d024d9806b9b3a,2010/04/17,9.99,,basic
cd01c9b422a1bea1c6d024d9806b9b3a,2010/05/17,9.99,,basic
cd01c9b422a1bea1c6d024d9806b9b3a,2010/06/16,9.99,,basic
cd01c9b422a1bea1c6d024d9806b9b3a,2010/07/16,9.99,,basic
cd01c9b422a1bea1c6d024d9806b9b3a,2010/08/15,9.99,,basic
cd01c9b422a1bea1c6d024d9806b9b3a,2010/09/14,9.99,,basic
cd01c9b422a1bea1c6d024d9806b9b3a,2010/10/14,9.99,,basic
cd01c9b422a1bea1c6d024d9806b9b3a,2010/11/13,9.99,,basic
cd01c9b422a1bea1c6d024d9806b9b3a,2010/12/13,9.99,,basic
d2445c92395695ef9e5823cdec12c82f,2010/02/23,0.01,,deluxe
d2445c92395695ef9e5823cdec12c82f,2010/02/23,14.99,,deluxe
d2445c92395695ef9e5823cdec12c82f,2010/03/25,14.99,,deluxe
d2445c92395695ef9e5823cdec12c82f,2010/04/24,14.99,,deluxe
d2445c92395695ef9e5823cdec12c82f,2010/05/24,14.99,,deluxe
d2445c92395695ef9e5823cdec12c82f,2010/06/23,14.99,,deluxe
d2445c92395695ef9e5823cdec12c82f,2010/07/23,14.99,,deluxe
d2445c92395695ef9e5823cdec12c82f,2010/08/22,14.99,,deluxe
d2445c92395695ef9e5823cdec12c82f,2010/09/21,14.99,,deluxe
d2445c92395695ef9e5823cdec12c82f,2010/10/21,14.99,,deluxe
d2445c92395695ef9e5823cdec12c82f,2010/11/20,14.99,,deluxe
d2445c92395695ef9e5823cdec12c82f,2010/12/20,14.99,,deluxe
088f6a44834f80776e0e3d8ed4a331aa,2010/03/11,0.01,,basic
088f6a44834f80776e0e3d8ed4a331aa,2010/03/11,9.99,,basic
088f6a44834f80776e0e3d8ed4a331aa,2010/04/10,9.99,,basic
088f6a44834f80776e0e3d8ed4a331aa,2010/05/10,9.99,,basic
088f6a44834f80776e0e3d8ed4a331aa,2010/06/09,9.99,,basic
088f6a44834f80776e0e3d8ed4a331aa,2010/07/09,9.99,,basic
088f6a44834f80776e0e3d8ed4a331aa,2010/08/08,9.99,,basic
088f6a44834f80776e0e3d8ed4a331aa,2010/09/07,9.99,,basic
088f6a44834f80776e0e3d8ed4a331aa,2010/10/07,9.99,,basic
9fbff16141897955d92a70db4974f22d,2010/09/13,0.01,,basic
9fbff16141897955d92a70db4974f22d,2010/09/13,9.99,,basic
9fbff16141897955d92a70db4974f22d,2010/10/13,9.99,5%,basic
9fbff16141897955d92a70db4974f22d,2010/11/12,9.99,,basic
9fbff16141897955d92a70db4974f22d,2010/12/12,9.99,,basic
a8f20c123645f8827a25cd95c63e5abb,2010/03/24,0.01,,basic
a8f20c123645f8827a25cd95c63e5abb,2010/03/24,9.99,,basic
a8f20c123645f8827a25cd95c63e5abb,2010/04/23,9.99,,basic
a8f20c123645f8827a25cd95c63e5abb,2010/05/23,9.99,,basic
a8f20c123645f8827a25cd95c63e5abb,2010/06/22,9.99,,basic
a8f20c123645f8827a25cd95c63e5abb,2010/07/22,9.99,,basic
a8f20c123645f8827a25cd95c63e5abb,2010/08/21,14.99,10%,deluxe
a8f20c123645f8827a25cd95c63e5abb,2010/09/20,14.99,,deluxe
a8f20c123645f8827a25cd95c63e5abb,2010/10/20,14.99,20%,deluxe
a8f20c123645f8827a25cd95c63e5abb,2010/11/19,14.99,,deluxe
a8f20c123645f8827a25cd95c63e5abb,2010/12/19,14.99,,deluxe
893870cfae53dcd635e6f335c43084f7,2010/07/25,0.01,,basic
893870cfae53dcd635e6f335c43084f7,2010/07/25,9.99,,basic
893870cfae53dcd635e6f335c43084f7,2010/08/24,9.99,,basic
893870cfae53dcd635e6f335c43084f7,2010/09/23,9.99,,basic
893870cfae53dcd635e6f335c43084f7,2010/10/23,9.99,,basic
893870cfae53dcd635e6f335c43084f7,2010/11/22,9.99,,basic
893870cfae53dcd635e6f335c43084f7,2010/12/22,9.99,,basic
5b948abf2340ee408b545b70878b34af,2010/02/10,0.01,,deluxe
5b948abf2340ee408b545b70878b34af,2010/02/10,14.99,,deluxe
5b948abf2340ee408b545b70878b34af,2010/03/12,14.99,,deluxe
5b948abf2340ee408b545b70878b34af,2010/04/11,14.99,,deluxe
5b948abf2340ee408b545b70878b34af,2010/05/11,14.99,,deluxe
5b948abf2340ee408b545b70878b34af,2010/06/10,14.99,,deluxe
5b948abf2340ee408b545b70878b34af,2010/07/10,14.99,,deluxe
5b948abf2340ee408b545b70878b34af,2010/08/09,14.99,,deluxe
5b948abf2340ee408b545b70878b34af,2010/09/08,14.99,,deluxe
5b948abf2340ee408b545b70878b34af,2010/10/08,14.99,,deluxe
5b948abf2340ee408b545b70878b34af,2010/11/07,14.99,,deluxe
5b948abf2340ee408b545b70878b34af,2010/12/07,14.99,,deluxe
07bb9e0e00a378a1eff1c4f1ca3416c3,2010/01/20,0.01,,basic
07bb9e0e00a378a1eff1c4f1ca3416c3,2010/01/20,9.99,,basic
07bb9e0e00a378a1eff1c4f1ca3416c3,2010/02/19,9.99,,basic
07bb9e0e00a378a1eff1c4f1ca3416c3,2010/03/21,9.99,,basic
07bb9e0e00a378a1eff1c4f1ca3416c3,2010/04/20,9.99,,basic
07bb9e0e00a378a1eff1c4f1ca3416c3,2010/05/20,9.99,,basic
07bb9e0e00a378a1eff1c4f1ca3416c3,2010/06/19,9.99,,basic
07bb9e0e00a378a1eff1c4f1ca3416c3,2010/07/19,9.99,10%,basic
07bb9e0e00a378a1eff1c4f1ca3416c3,2010/08/18,9.99,,basic
07bb9e0e00a378a1eff1c4f1ca3416c3,2010/09/17,9.99,,basic
07bb9e0e00a378a1eff1c4f1ca3416c3,2010/10/17,9.99,,basic
07bb9e0e00a378a1eff1c4f1ca3416c3,2010/11/16,9.99,,basic
07bb9e0e00a378a1eff1c4f1ca3416c3,2010/12/16,9.99,,basic
b971344d34be6639cb044303ca143a7d,2010/10/17,0.01,,basic
b971344d34be6639cb044303ca143a7d,2010/10/17,9.99,,basic
b971344d34be6639cb044303ca143a7d,2010/11/16,9.99,,basic
b971344d34be6639cb044303ca143a7d,2010/12/16,9.99,,basic
ea043b69f01503f545a1dfe5681492ba,2010/04/10,0.01,,platinum
ea043b69f01503f545a1dfe5681492ba,2010/04/10,29.99,,platinum
ea043b69f01503f545a1dfe5681492ba,2010/05/10,29.99,,platinum
ea043b69f01503f545a1dfe5681492ba,2010/06/09,29.99,5%,platinum
ea043b69f01503f545a1dfe5681492ba,2010/07/09,29.99,,platinum
ea043b69f01503f545a1dfe5681492ba,2010/08/08,29.99,,platinum
ea043b69f01503f545a1dfe5681492ba,2010/09/07,29.99,,platinum
ea043b69f01503f545a1dfe5681492ba,2010/10/07,29.99,10%,platinum
ea043b69f01503f545a1dfe5681492ba,2010/11/06,29.99,,platinum
ea043b69f01503f545a1dfe5681492ba,2010/12/06,29.99,,platinum
b2ed55240ae44f12e74088869c3739aa,2010/08/27,0.01,,basic
b2ed55240ae44f12e74088869c3739aa,2010/08/27,9.99,,basic
b2ed55240ae44f12e74088869c3739aa,2010/09/26,9.99,,basic
b2ed55240ae44f12e74088869c3739aa,2010/10/26,9.99,5%,basic
b2ed55240ae44f12e74088869c3739aa,2010/11/25,9.99,,basic
b2ed55240ae44f12e74088869c3739aa,2010/12/25,9.99,,basic
01dbd5e62e39bb1c5da3f55a436c20a4,2010/08/16,0.01,,deluxe
01dbd5e62e39bb1c5da3f55a436c20a4,2010/08/16,14.99,,deluxe
01dbd5e62e39bb1c5da3f55a436c20a4,2010/09/15,14.99,,deluxe
01dbd5e62e39bb1c5da3f55a436c20a4,2010/10/15,14.99,,deluxe
01dbd5e62e39bb1c5da3f55a436c20a4,2010/11/14,14.99,,deluxe
01dbd5e62e39bb1c5da3f55a436c20a4,2010/12/14,14.99,,deluxe
25be65bfe40d486f4f85356fbc28b3d6,2010/08/10,0.01,,basic
25be65bfe40d486f4f85356fbc28b3d6,2010/08/10,9.99,,basic
25be65bfe40d486f4f85356fbc28b3d6,2010/09/09,9.99,,basic
25be65bfe40d486f4f85356fbc28b3d6,2010/10/09,9.99,,basic
25be65bfe40d486f4f85356fbc28b3d6,2010/11/08,9.99,,basic
25be65bfe40d486f4f85356fbc28b3d6,2010/12/08,9.99,,basic
6dd6a44834964a5b20b6b8952cd38233,2010/11/17,0.01,,deluxe
6dd6a44834964a5b20b6b8952cd38233,2010/11/17,14.99,,deluxe
6dd6a44834964a5b20b6b8952cd38233,2010/12/17,14.99,,deluxe
e7f9e94708a6d76c51d21b0d2ec14998,2010/12/27,0.01,,deluxe
e7f9e94708a6d76c51d21b0d2ec14998,2010/12/27,14.99,,deluxe
3b8663ea30342f9835a9b5956843848c,2010/02/15,0.01,,basic
3b8663ea30342f9835a9b5956843848c,2010/02/15,9.99,,basic
3b8663ea30342f9835a9b5956843848c,2010/03/17,9.99,,basic
3b8663ea30342f9835a9b5956843848c,2010/04/16,9.99,,basic
3b8663ea30342f9835a9b5956843848c,2010/05/16,9.99,10%,basic
3b8663ea30342f9835a9b5956843848c,2010/06/15,9.99,,basic
3b8663ea30342f9835a9b5956843848c,2010/07/15,9.99,,basic
3b8663ea30342f9835a9b5956843848c,2010/08/14,9.99,,basic
3b8663ea30342f9835a9b5956843848c,2010/09/13,9.99,,basic
3b8663ea30342f9835a9b5956843848c,2010/10/13,9.99,,basic
3b8663ea30342f9835a9b5956843848c,2010/11/12,9.99,,basic
3b8663ea30342f9835a9b5956843848c,2010/12/12,9.99,,basic
44171dc496f340b3b00846dae23b6cb1,2010/01/28,0.01,,deluxe
44171dc496f340b3b00846dae23b6cb1,2010/01/28,14.99,,deluxe
44171dc496f340b3b00846dae23b6cb1,2010/02/27,14.99,,deluxe
44171dc496f340b3b00846dae23b6cb1,2010/03/29,14.99,,deluxe
44171dc496f340b3b00846dae23b6cb1,2010/04/28,14.99,,deluxe
44171dc496f340b3b00846dae23b6cb1,2010/05/28,14.99,,deluxe
526b5e7734c76a3ff552e5485920e976,2010/04/01,0.01,,platinum
526b5e7734c76a3ff552e5485920e976,2010/04/01,29.99,,platinum
526b5e7734c76a3ff552e5485920e976,2010/05/01,29.99,,platinum
526b5e7734c76a3ff552e5485920e976,2010/05/31,29.99,,platinum
526b5e7734c76a3ff552e5485920e976,2010/06/30,29.99,,platinum
526b5e7734c76a3ff552e5485920e976,2010/07/30,29.99,,platinum
526b5e7734c76a3ff552e5485920e976,2010/08/29,29.99,,platinum
526b5e7734c76a3ff552e5485920e976,2010/09/28,29.99,,platinum
526b5e7734c76a3ff552e5485920e976,2010/10/28,29.99,,platinum
526b5e7734c76a3ff552e5485920e976,2010/11/27,29.99,,platinum
526b5e7734c76a3ff552e5485920e976,2010/12/27,29.99,,platinum
52322277ddc9d09d95d3d86b722ec7c1,2010/08/13,0.01,,deluxe
52322277ddc9d09d95d3d86b722ec7c1,2010/08/13,14.99,,deluxe
52322277ddc9d09d95d3d86b722ec7c1,2010/09/12,14.99,,deluxe
52322277ddc9d09d95d3d86b722ec7c1,2010/10/12,14.99,,deluxe
52322277ddc9d09d95d3d86b722ec7c1,2010/11/11,14.99,,deluxe
52322277ddc9d09d95d3d86b722ec7c1,2010/12/11,14.99,,deluxe
75bef8256556694650bb33c63fda00c4,2010/08/29,0.01,,deluxe
75bef8256556694650bb33c63fda00c4,2010/08/29,14.99,,deluxe
75bef8256556694650bb33c63fda00c4,2010/09/28,14.99,,deluxe
75bef8256556694650bb33c63fda00c4,2010/10/28,14.99,10%,deluxe
75bef8256556694650bb33c63fda00c4,2010/11/27,14.99,,deluxe
75bef8256556694650bb33c63fda00c4,2010/12/27,14.99,,deluxe
45629cb10f8518bb96dcd99761a6101c,2010/02/19,0.01,,basic
45629cb10f8518bb96dcd99761a6101c,2010/02/19,9.99,,basic
45629cb10f8518bb96dcd99761a6101c,2010/03/21,9.99,,basic
45629cb10f8518bb96dcd99761a6101c,2010/04/20,9.99,,basic
45629cb10f8518bb96dcd99761a6101c,2010/05/20,9.99,,basic
45629cb10f8518bb96dcd99761a6101c,2010/06/19,9.99,,basic
45629cb10f8518bb96dcd99761a6101c,2010/07/19,9.99,,basic
45629cb10f8518bb96dcd99761a6101c,2010/08/18,9.99,5%,basic
45629cb10f8518bb96dcd99761a6101c,2010/09/17,9.99,,basic
45629cb10f8518bb96dcd99761a6101c,2010/10/17,9.99,,basic
45629cb10f8518bb96dcd99761a6101c,2010/11/16,9.99,5%,basic
45629cb10f8518bb96dcd99761a6101c,2010/12/16,9.99,,basic
b15e87af5219f5c3ca0df6e367dd9179,2010/01/22,0.01,,basic
b15e87af5219f5c3ca0df6e367dd9179,2010/01/22,9.99,,basic
b15e87af5219f5c3ca0df6e367dd9179,2010/02/21,9.99,,basic
b15e87af5219f5c3ca0df6e367dd9179,2010/03/23,9.99,,basic
b15e87af5219f5c3ca0df6e367dd9179,2010/04/22,9.99,,basic
b15e87af5219f5c3ca0df6e367dd9179,2010/05/22,9.99,,basic
b15e87af5219f5c3ca0df6e367dd9179,2010/06/21,9.99,,basic
b15e87af5219f5c3ca0df6e367dd9179,2010/07/21,9.99,,basic
b15e87af5219f5c3ca0df6e367dd9179,2010/08/20,9.99,,basic
b15e87af5219f5c3ca0df6e367dd9179,2010/09/19,9.99,,basic
b15e87af5219f5c3ca0df6e367dd9179,2010/10/19,9.99,,basic
b15e87af5219f5c3ca0df6e367dd9179,2010/11/18,9.99,,basic
b15e87af5219f5c3ca0df6e367dd9179,2010/12/18,9.99,5%,basic
d8cc0ba27eb8aaf7d8e311868d7602c0,2010/10/22,0.01,,basic
d8cc0ba27eb8aaf7d8e311868d7602c0,2010/10/22,9.99,,basic
d8cc0ba27eb8aaf7d8e311868d7602c0,2010/11/21,9.99,,basic
d8cc0ba27eb8aaf7d8e311868d7602c0,2010/12/21,9.99,5%,basic
f9c282847e6164426aec0ae8f3a11f7b,2010/07/22,0.01,,basic
f9c282847e6164426aec0ae8f3a11f7b,2010/07/22,9.99,,basic
f9c282847e6164426aec0ae8f3a11f7b,2010/08/21,9.99,,basic
f9c282847e6164426aec0ae8f3a11f7b,2010/09/20,9.99,,basic
f9c282847e6164426aec0ae8f3a11f7b,2010/10/20,9.99,,basic
f9c282847e6164426aec0ae8f3a11f7b,2010/11/19,9.99,,basic
f9c282847e6164426aec0ae8f3a11f7b,2010/12/19,9.99,,basic
46c2be3bf594025eb0f29aaa2cc2e717,2010/01/13,0.01,,basic
46c2be3bf594025eb0f29aaa2cc2e717,2010/01/13,9.99,,basic
46c2be3bf594025eb0f29aaa2cc2e717,2010/02/12,9.99,,basic
46c2be3bf594025eb0f29aaa2cc2e717,2010/03/14,9.99,,basic
46c2be3bf594025eb0f29aaa2cc2e717,2010/04/13,9.99,,basic
46c2be3bf594025eb0f29aaa2cc2e717,2010/05/13,9.99,,basic
46c2be3bf594025eb0f29aaa2cc2e717,2010/06/12,9.99,,basic
46c2be3bf594025eb0f29aaa2cc2e717,2010/07/12,9.99,,basic
46c2be3bf594025eb0f29aaa2cc2e717,2010/08/11,9.99,,basic
46c2be3bf594025eb0f29aaa2cc2e717,2010/09/10,9.99,,basic
46c2be3bf594025eb0f29aaa2cc2e717,2010/10/10,9.99,,basic
46c2be3bf594025eb0f29aaa2cc2e717,2010/11/09,9.99,,basic
46c2be3bf594025eb0f29aaa2cc2e717,2010/12/09,9.99,,basic
753b13061566ef750cc2730a746859cc,2010/03/12,0.01,,basic
753b13061566ef750cc2730a746859cc,2010/03/12,9.99,,basic
753b13061566ef750cc2730a746859cc,2010/04/11,9.99,,basic
753b13061566ef750cc2730a746859cc,2010/05/11,9.99,5%,basic
753b13061566ef750cc2730a746859cc,2010/06/10,9.99,,basic
753b13061566ef750cc2730a746859cc,2010/07/10,9.99,,basic
753b13061566ef750cc2730a746859cc,2010/08/09,9.99,,basic
753b13061566ef750cc2730a746859cc,2010/09/08,9.99,,basic
753b13061566ef750cc2730a746859cc,2010/10/08,9.99,,basic
753b13061566ef750cc2730a746859cc,2010/11/07,9.99,,basic
753b13061566ef750cc2730a746859cc,2010/12/07,9.99,,basic
635da9ac70fee54c9b5764c0f94b1eb9,2010/06/19,0.01,,deluxe
635da9ac70fee54c9b5764c0f94b1eb9,2010/06/19,14.99,,deluxe
635da9ac70fee54c9b5764c0f94b1eb9,2010/07/19,14.99,,deluxe
635da9ac70fee54c9b5764c0f94b1eb9,2010/08/18,14.99,,deluxe
635da9ac70fee54c9b5764c0f94b1eb9,2010/09/17,14.99,,deluxe
635da9ac70fee54c9b5764c0f94b1eb9,2010/10/17,14.99,,deluxe
635da9ac70fee54c9b5764c0f94b1eb9,2010/11/16,14.99,,deluxe
635da9ac70fee54c9b5764c0f94b1eb9,2010/12/16,14.99,,deluxe
d00ef6ad08c0ee4d941a396f597d1f60,2010/10/13,0.01,,basic
d00ef6ad08c0ee4d941a396f597d1f60,2010/10/13,9.99,,basic
d00ef6ad08c0ee4d941a396f597d1f60,2010/11/12,9.99,,basic
d00ef6ad08c0ee4d941a396f597d1f60,2010/12/12,9.99,,basic
c82c58707e02814e32c7a7d29456a0e6,2010/07/19,0.01,,deluxe
c82c58707e02814e32c7a7d29456a0e6,2010/07/19,14.99,,deluxe
c82c58707e02814e32c7a7d29456a0e6,2010/08/18,14.99,,deluxe
c82c58707e02814e32c7a7d29456a0e6,2010/09/17,14.99,,deluxe
c82c58707e02814e32c7a7d29456a0e6,2010/10/17,14.99,,deluxe
c82c58707e02814e32c7a7d29456a0e6,2010/11/16,14.99,,deluxe
c82c58707e02814e32c7a7d29456a0e6,2010/12/16,14.99,,deluxe
189fc5d2a5320703f631a14e3f7c3480,2010/09/03,0.01,,deluxe
189fc5d2a5320703f631a14e3f7c3480,2010/09/03,14.99,,deluxe
189fc5d2a5320703f631a14e3f7c3480,2010/10/03,14.99,,deluxe
189fc5d2a5320703f631a14e3f7c3480,2010/11/02,14.99,,deluxe
189fc5d2a5320703f631a14e3f7c3480,2010/12/02,14.99,,deluxe
bfc844be20797c63ab869fb6e22f517b,2010/02/01,0.01,,basic
bfc844be20797c63ab869fb6e22f517b,2010/02/01,9.99,5%,basic
bfc844be20797c63ab869fb6e22f517b,2010/03/03,9.99,5%,basic
bfc844be20797c63ab869fb6e22f517b,2010/04/02,9.99,,basic
bfc844be20797c63ab869fb6e22f517b,2010/05/02,9.99,,basic
bfc844be20797c63ab869fb6e22f517b,2010/06/01,9.99,,basic
bfc844be20797c63ab869fb6e22f517b,2010/07/01,9.99,,basic
bfc844be20797c63ab869fb6e22f517b,2010/07/31,9.99,,basic
bfc844be20797c63ab869fb6e22f517b,2010/08/30,9.99,,basic
bfc844be20797c63ab869fb6e22f517b,2010/09/29,9.99,,basic
bfc844be20797c63ab869fb6e22f517b,2010/10/29,9.99,5%,basic
bfc844be20797c63ab869fb6e22f517b,2010/11/28,9.99,,basic
bfc844be20797c63ab869fb6e22f517b,2010/12/28,9.99,,basic
1d645863b00a7ce8106d5a15c8572aac,2010/10/06,0.01,,basic
1d645863b00a7ce8106d5a15c8572aac,2010/10/06,9.99,20%,basic
1d645863b00a7ce8106d5a15c8572aac,2010/11/05,9.99,,basic
1d645863b00a7ce8106d5a15c8572aac,2010/12/05,9.99,,basic
302c9da8ce71bc126d0f4345c6737ee8,2010/04/25,0.01,,basic
302c9da8ce71bc126d0f4345c6737ee8,2010/04/25,9.99,,basic
302c9da8ce71bc126d0f4345c6737ee8,2010/05/25,9.99,,basic
302c9da8ce71bc126d0f4345c6737ee8,2010/06/24,9.99,,basic
302c9da8ce71bc126d0f4345c6737ee8,2010/07/24,9.99,,basic
302c9da8ce71bc126d0f4345c6737ee8,2010/08/23,9.99,,basic
302c9da8ce71bc126d0f4345c6737ee8,2010/09/22,9.99,,basic
302c9da8ce71bc126d0f4345c6737ee8,2010/10/22,9.99,20%,basic
302c9da8ce71bc126d0f4345c6737ee8,2010/11/21,9.99,,basic
302c9da8ce71bc126d0f4345c6737ee8,2010/12/21,9.99,,basic
524f9d0b0e6520d0078e631f1f52d698,2010/01/13,0.01,,deluxe
524f9d0b0e6520d0078e631f1f52d698,2010/01/13,14.99,,deluxe
524f9d0b0e6520d0078e631f1f52d698,2010/02/12,14.99,,deluxe
524f9d0b0e6520d0078e631f1f52d698,2010/03/14,14.99,,deluxe
524f9d0b0e6520d0078e631f1f52d698,2010/04/13,14.99,,deluxe
524f9d0b0e6520d0078e631f1f52d698,2010/05/13,14.99,,deluxe
524f9d0b0e6520d0078e631f1f52d698,2010/06/12,14.99,,deluxe
524f9d0b0e6520d0078e631f1f52d698,2010/07/12,14.99,,deluxe
524f9d0b0e6520d0078e631f1f52d698,2010/08/11,14.99,,deluxe
524f9d0b0e6520d0078e631f1f52d698,2010/09/10,14.99,,deluxe
524f9d0b0e6520d0078e631f1f52d698,2010/10/10,14.99,10%,deluxe
524f9d0b0e6520d0078e631f1f52d698,2010/11/09,14.99,,deluxe
524f9d0b0e6520d0078e631f1f52d698,2010/12/09,14.99,5%,deluxe
fe9895df9f3a97f7b64bde4bc6326996,2010/10/22,0.01,,basic
fe9895df9f3a97f7b64bde4bc6326996,2010/10/22,9.99,,basic
fe9895df9f3a97f7b64bde4bc6326996,2010/11/21,9.99,,basic
fe9895df9f3a97f7b64bde4bc6326996,2010/12/21,9.99,,basic
4f73845792cfc801e0e14766adac0fe1,2010/10/30,0.01,,platinum
4f73845792cfc801e0e14766adac0fe1,2010/10/30,29.99,,platinum
4f73845792cfc801e0e14766adac0fe1,2010/11/29,29.99,,platinum
4f73845792cfc801e0e14766adac0fe1,2010/12/29,29.99,5%,platinum
125c338d91f20908d046cda493b41c54,2010/11/22,0.01,,deluxe
125c338d91f20908d046cda493b41c54,2010/11/22,14.99,10%,deluxe
125c338d91f20908d046cda493b41c54,2010/12/22,14.99,,deluxe
731d2f33f65b3267ccaec02714a84515,2010/04/07,0.01,,platinum
731d2f33f65b3267ccaec02714a84515,2010/04/07,29.99,,platinum
731d2f33f65b3267ccaec02714a84515,2010/05/07,29.99,,platinum
731d2f33f65b3267ccaec02714a84515,2010/06/06,29.99,,platinum
731d2f33f65b3267ccaec02714a84515,2010/07/06,29.99,,platinum
731d2f33f65b3267ccaec02714a84515,2010/08/05,29.99,,platinum
731d2f33f65b3267ccaec02714a84515,2010/09/04,29.99,,platinum
731d2f33f65b3267ccaec02714a84515,2010/10/04,29.99,,platinum
731d2f33f65b3267ccaec02714a84515,2010/11/03,29.99,,platinum
731d2f33f65b3267ccaec02714a84515,2010/12/03,29.99,,platinum
9e184446e57538eea1edab76b675d504,2010/08/02,0.01,,deluxe
9e184446e57538eea1edab76b675d504,2010/08/02,14.99,,deluxe
9e184446e57538eea1edab76b675d504,2010/09/01,14.99,,deluxe
9e184446e57538eea1edab76b675d504,2010/10/01,14.99,5%,deluxe
9e184446e57538eea1edab76b675d504,2010/10/31,14.99,,deluxe
9e184446e57538eea1edab76b675d504,2010/11/30,14.99,,deluxe
9e184446e57538eea1edab76b675d504,2010/12/30,14.99,,deluxe
389656521d7d5c2bdb47f91b2df6ad92,2010/12/11,0.01,,basic
389656521d7d5c2bdb47f91b2df6ad92,2010/12/11,9.99,,basic
54f9d381f527b598199d40f7ecd4e355,2010/01/19,0.01,,basic
54f9d381f527b598199d40f7ecd4e355,2010/01/19,9.99,,basic
54f9d381f527b598199d40f7ecd4e355,2010/02/18,9.99,,basic
54f9d381f527b598199d40f7ecd4e355,2010/03/20,9.99,,basic
54f9d381f527b598199d40f7ecd4e355,2010/04/19,9.99,,basic
54f9d381f527b598199d40f7ecd4e355,2010/05/19,9.99,,basic
54f9d381f527b598199d40f7ecd4e355,2010/06/18,9.99,,basic
54f9d381f527b598199d40f7ecd4e355,2010/07/18,9.99,,basic
54f9d381f527b598199d40f7ecd4e355,2010/08/17,9.99,,basic
54f9d381f527b598199d40f7ecd4e355,2010/09/16,9.99,,basic
54f9d381f527b598199d40f7ecd4e355,2010/10/16,9.99,20%,basic
54f9d381f527b598199d40f7ecd4e355,2010/11/15,9.99,,basic
54f9d381f527b598199d40f7ecd4e355,2010/12/15,9.99,,basic
5de44b33060bbdd49913ff839da4ee4c,2010/06/05,0.01,,basic
5de44b33060bbdd49913ff839da4ee4c,2010/06/05,9.99,,basic
5de44b33060bbdd49913ff839da4ee4c,2010/07/05,9.99,5%,basic
5de44b33060bbdd49913ff839da4ee4c,2010/08/04,9.99,,basic
5de44b33060bbdd49913ff839da4ee4c,2010/09/03,9.99,,basic
5de44b33060bbdd49913ff839da4ee4c,2010/10/03,9.99,,basic
5de44b33060bbdd49913ff839da4ee4c,2010/11/02,9.99,,basic
5de44b33060bbdd49913ff839da4ee4c,2010/12/02,9.99,,basic
e26709f874cda1a3eb406dbb7c7b0d57,2010/09/29,0.01,,deluxe
e26709f874cda1a3eb406dbb7c7b0d57,2010/09/29,14.99,,deluxe
e26709f874cda1a3eb406dbb7c7b0d57,2010/10/29,14.99,,deluxe
e26709f874cda1a3eb406dbb7c7b0d57,2010/11/28,14.99,,deluxe
e26709f874cda1a3eb406dbb7c7b0d57,2010/12/28,14.99,,deluxe
86f19e96b644d6320d178d55b6a7868c,2010/12/27,0.01,,platinum
86f19e96b644d6320d178d55b6a7868c,2010/12/27,29.99,,platinum
6d5238603d928e6815d19de43fe3ddcb,2010/08/21,0.01,,deluxe
6d5238603d928e6815d19de43fe3ddcb,2010/08/21,14.99,,deluxe
6d5238603d928e6815d19de43fe3ddcb,2010/09/20,14.99,,deluxe
6d5238603d928e6815d19de43fe3ddcb,2010/10/20,14.99,,deluxe
6d5238603d928e6815d19de43fe3ddcb,2010/11/19,14.99,,deluxe
6d5238603d928e6815d19de43fe3ddcb,2010/12/19,14.99,,deluxe
ef698e1e7b2a2420e85c46f1b92fe92c,2010/12/13,0.01,,basic
ef698e1e7b2a2420e85c46f1b92fe92c,2010/12/13,9.99,,basic
faf889921f38c28fa52883405edb1230,2010/09/18,0.01,,deluxe
faf889921f38c28fa52883405edb1230,2010/09/18,14.99,,deluxe
faf889921f38c28fa52883405edb1230,2010/10/18,14.99,,deluxe
faf889921f38c28fa52883405edb1230,2010/11/17,14.99,,deluxe
faf889921f38c28fa52883405edb1230,2010/12/17,14.99,,deluxe
d52ad03fb2f2e8fab2e6d72e4b8382ab,2010/01/27,0.01,,basic
d52ad03fb2f2e8fab2e6d72e4b8382ab,2010/01/27,9.99,,basic
d52ad03fb2f2e8fab2e6d72e4b8382ab,2010/02/26,9.99,10%,basic
d52ad03fb2f2e8fab2e6d72e4b8382ab,2010/03/28,9.99,,basic
d52ad03fb2f2e8fab2e6d72e4b8382ab,2010/04/27,9.99,,basic
d52ad03fb2f2e8fab2e6d72e4b8382ab,2010/05/27,9.99,,basic
d52ad03fb2f2e8fab2e6d72e4b8382ab,2010/06/26,9.99,,basic
d52ad03fb2f2e8fab2e6d72e4b8382ab,2010/07/26,9.99,,basic
d52ad03fb2f2e8fab2e6d72e4b8382ab,2010/08/25,9.99,,basic
d52ad03fb2f2e8fab2e6d72e4b8382ab,2010/09/24,9.99,,basic
d52ad03fb2f2e8fab2e6d72e4b8382ab,2010/10/24,9.99,,basic
d52ad03fb2f2e8fab2e6d72e4b8382ab,2010/11/23,9.99,,basic
d52ad03fb2f2e8fab2e6d72e4b8382ab,2010/12/23,9.99,,basic
a2d77a1aa2275e5a6c13344a2f3f3dbb,2010/10/16,0.01,,basic
a2d77a1aa2275e5a6c13344a2f3f3dbb,2010/10/16,9.99,,basic
a2d77a1aa2275e5a6c13344a2f3f3dbb,2010/11/15,9.99,,basic
a2d77a1aa2275e5a6c13344a2f3f3dbb,2010/12/15,9.99,,basic
c8950ecdb243e6bef2c9e14acdee047c,2010/09/29,0.01,,basic
c8950ecdb243e6bef2c9e14acdee047c,2010/09/29,9.99,,basic
c8950ecdb243e6bef2c9e14acdee047c,2010/10/29,9.99,,basic
c8950ecdb243e6bef2c9e14acdee047c,2010/11/28,9.99,10%,basic
c8950ecdb243e6bef2c9e14acdee047c,2010/12/28,9.99,,basic
535fc4986c50bb51d7ac8c67607a732b,2010/09/20,0.01,,basic
535fc4986c50bb51d7ac8c67607a732b,2010/09/20,9.99,,basic
535fc4986c50bb51d7ac8c67607a732b,2010/10/20,9.99,,basic
535fc4986c50bb51d7ac8c67607a732b,2010/11/19,9.99,,basic
535fc4986c50bb51d7ac8c67607a732b,2010/12/19,9.99,,basic
6ac0718f66d02862cd4eca7c8bde4324,2010/03/12,0.01,,basic
6ac0718f66d02862cd4eca7c8bde4324,2010/03/12,9.99,,basic
6ac0718f66d02862cd4eca7c8bde4324,2010/04/11,9.99,,basic
6ac0718f66d02862cd4eca7c8bde4324,2010/05/11,9.99,,basic
6ac0718f66d02862cd4eca7c8bde4324,2010/06/10,9.99,,basic
6ac0718f66d02862cd4eca7c8bde4324,2010/07/10,9.99,,basic
6ac0718f66d02862cd4eca7c8bde4324,2010/08/09,9.99,,basic
6ac0718f66d02862cd4eca7c8bde4324,2010/09/08,9.99,,basic
6ac0718f66d02862cd4eca7c8bde4324,2010/10/08,9.99,5%,basic
6ac0718f66d02862cd4eca7c8bde4324,2010/11/07,9.99,,basic
6ac0718f66d02862cd4eca7c8bde4324,2010/12/07,9.99,,basic
c00249e4f7c2d935546c92c6fb3cea33,2010/10/12,0.01,,basic
c00249e4f7c2d935546c92c6fb3cea33,2010/10/12,9.99,,basic
c00249e4f7c2d935546c92c6fb3cea33,2010/11/11,9.99,5%,basic
c00249e4f7c2d935546c92c6fb3cea33,2010/12/11,9.99,,basic
499f5282dd659036999f0b49074b8a01,2010/08/03,0.01,,basic
499f5282dd659036999f0b49074b8a01,2010/08/03,9.99,,basic
499f5282dd659036999f0b49074b8a01,2010/09/02,9.99,,basic
499f5282dd659036999f0b49074b8a01,2010/10/02,9.99,,basic
499f5282dd659036999f0b49074b8a01,2010/11/01,9.99,,basic
499f5282dd659036999f0b49074b8a01,2010/12/01,9.99,,basic
499f5282dd659036999f0b49074b8a01,2010/12/31,9.99,,basic
8887e3f64d1434764b794348117a38e3,2010/09/07,0.01,,basic
8887e3f64d1434764b794348117a38e3,2010/09/07,9.99,,basic
8887e3f64d1434764b794348117a38e3,2010/10/07,9.99,,basic
8887e3f64d1434764b794348117a38e3,2010/11/06,9.99,,basic
8887e3f64d1434764b794348117a38e3,2010/12/06,9.99,,basic
c6ade9da204132f5fd052dee4c821596,2010/07/14,0.01,,basic
c6ade9da204132f5fd052dee4c821596,2010/07/14,9.99,,basic
c6ade9da204132f5fd052dee4c821596,2010/08/13,9.99,,basic
c6ade9da204132f5fd052dee4c821596,2010/09/12,9.99,5%,basic
c6ade9da204132f5fd052dee4c821596,2010/10/12,9.99,,basic
c6ade9da204132f5fd052dee4c821596,2010/11/11,9.99,,basic
c6ade9da204132f5fd052dee4c821596,2010/12/11,9.99,,basic
91d7f7e569ab89871fb053bdca07b164,2010/08/12,0.01,,basic
91d7f7e569ab89871fb053bdca07b164,2010/08/12,9.99,5%,basic
91d7f7e569ab89871fb053bdca07b164,2010/09/11,9.99,,basic
91d7f7e569ab89871fb053bdca07b164,2010/10/11,9.99,,basic
91d7f7e569ab89871fb053bdca07b164,2010/11/10,9.99,,basic
91d7f7e569ab89871fb053bdca07b164,2010/12/10,9.99,,basic
3cd0fd2c5304c6d812127d427e66f391,2010/02/13,0.01,,basic
3cd0fd2c5304c6d812127d427e66f391,2010/02/13,9.99,,basic
3cd0fd2c5304c6d812127d427e66f391,2010/03/15,9.99,,basic
3cd0fd2c5304c6d812127d427e66f391,2010/04/14,9.99,,basic
3cd0fd2c5304c6d812127d427e66f391,2010/05/14,9.99,10%,basic
3cd0fd2c5304c6d812127d427e66f391,2010/06/13,9.99,,basic
3cd0fd2c5304c6d812127d427e66f391,2010/07/13,9.99,,basic
3cd0fd2c5304c6d812127d427e66f391,2010/08/12,9.99,,basic
3cd0fd2c5304c6d812127d427e66f391,2010/09/11,9.99,,basic
3cd0fd2c5304c6d812127d427e66f391,2010/10/11,9.99,,basic
3cd0fd2c5304c6d812127d427e66f391,2010/11/10,9.99,,basic
3cd0fd2c5304c6d812127d427e66f391,2010/12/10,9.99,5%,basic
5a738144d6cb6fae14def5c325df7b61,2010/10/25,0.01,,basic
5a738144d6cb6fae14def5c325df7b61,2010/10/25,9.99,,basic
5a738144d6cb6fae14def5c325df7b61,2010/11/24,9.99,,basic
5a738144d6cb6fae14def5c325df7b61,2010/12/24,9.99,,basic
ee2bcc8eaa081645d9194d0969245627,2010/08/02,0.01,,basic
ee2bcc8eaa081645d9194d0969245627,2010/08/02,9.99,20%,basic
ee2bcc8eaa081645d9194d0969245627,2010/09/01,9.99,,basic
ee2bcc8eaa081645d9194d0969245627,2010/10/01,9.99,,basic
ee2bcc8eaa081645d9194d0969245627,2010/10/31,9.99,,basic
ee2bcc8eaa081645d9194d0969245627,2010/11/30,9.99,,basic
ee2bcc8eaa081645d9194d0969245627,2010/12/30,9.99,,basic
6eb8aaf01cd2f6cfdb88c197e0c5358a,2010/12/30,0.01,,basic
6eb8aaf01cd2f6cfdb88c197e0c5358a,2010/12/30,9.99,,basic
d37e979b47eea3437dd49a80226961bd,2010/03/08,0.01,,deluxe
d37e979b47eea3437dd49a80226961bd,2010/03/08,14.99,,deluxe
d37e979b47eea3437dd49a80226961bd,2010/04/07,14.99,10%,deluxe
d37e979b47eea3437dd49a80226961bd,2010/05/07,14.99,5%,deluxe
d37e979b47eea3437dd49a80226961bd,2010/06/06,14.99,,deluxe
d37e979b47eea3437dd49a80226961bd,2010/07/06,14.99,,deluxe
d37e979b47eea3437dd49a80226961bd,2010/08/05,14.99,5%,deluxe
d37e979b47eea3437dd49a80226961bd,2010/09/04,14.99,,deluxe
d37e979b47eea3437dd49a80226961bd,2010/10/04,14.99,,deluxe
d37e979b47eea3437dd49a80226961bd,2010/11/03,14.99,,deluxe
d37e979b47eea3437dd49a80226961bd,2010/12/03,14.99,,deluxe
49479bec8a17e95a289e4f8c8f3c3430,2010/03/29,0.01,,basic
49479bec8a17e95a289e4f8c8f3c3430,2010/03/29,9.99,,basic
49479bec8a17e95a289e4f8c8f3c3430,2010/04/28,9.99,,basic
49479bec8a17e95a289e4f8c8f3c3430,2010/05/28,9.99,,basic
49479bec8a17e95a289e4f8c8f3c3430,2010/06/27,9.99,,basic
49479bec8a17e95a289e4f8c8f3c3430,2010/07/27,9.99,,basic
49479bec8a17e95a289e4f8c8f3c3430,2010/08/26,9.99,,basic
49479bec8a17e95a289e4f8c8f3c3430,2010/09/25,9.99,,basic
49479bec8a17e95a289e4f8c8f3c3430,2010/10/25,9.99,,basic
49479bec8a17e95a289e4f8c8f3c3430,2010/11/24,9.99,,basic
49479bec8a17e95a289e4f8c8f3c3430,2010/12/24,9.99,,basic
b64d2faa4608803209ec9ef387bd5c94,2010/09/07,0.01,,basic
b64d2faa4608803209ec9ef387bd5c94,2010/09/07,9.99,,basic
b64d2faa4608803209ec9ef387bd5c94,2010/10/07,9.99,,basic
b64d2faa4608803209ec9ef387bd5c94,2010/11/06,9.99,,basic
b64d2faa4608803209ec9ef387bd5c94,2010/12/06,9.99,,basic
6f6ee5025e67147c7d9426e833220e46,2010/07/27,0.01,,deluxe
6f6ee5025e67147c7d9426e833220e46,2010/07/27,14.99,,deluxe
6f6ee5025e67147c7d9426e833220e46,2010/08/26,14.99,,deluxe
6f6ee5025e67147c7d9426e833220e46,2010/09/25,14.99,,deluxe
6f6ee5025e67147c7d9426e833220e46,2010/10/25,14.99,,deluxe
6f6ee5025e67147c7d9426e833220e46,2010/11/24,14.99,,deluxe
6f6ee5025e67147c7d9426e833220e46,2010/12/24,14.99,,deluxe
874a169631a6dcb18caa22001864e62b,2010/01/07,0.01,,basic
874a169631a6dcb18caa22001864e62b,2010/01/07,9.99,,basic
874a169631a6dcb18caa22001864e62b,2010/02/06,9.99,10%,basic
874a169631a6dcb18caa22001864e62b,2010/03/08,9.99,,basic
874a169631a6dcb18caa22001864e62b,2010/04/07,9.99,,basic
874a169631a6dcb18caa22001864e62b,2010/05/07,9.99,,basic
874a169631a6dcb18caa22001864e62b,2010/06/06,9.99,20%,basic
874a169631a6dcb18caa22001864e62b,2010/07/06,9.99,,basic
874a169631a6dcb18caa22001864e62b,2010/08/05,9.99,,basic
874a169631a6dcb18caa22001864e62b,2010/09/04,9.99,,basic
874a169631a6dcb18caa22001864e62b,2010/10/04,9.99,,basic
874a169631a6dcb18caa22001864e62b,2010/11/03,9.99,,basic
874a169631a6dcb18caa22001864e62b,2010/12/03,9.99,,basic
80761e38028d598bad1736b7e3ef114e,2010/06/22,0.01,,deluxe
80761e38028d598bad1736b7e3ef114e,2010/06/22,14.99,,deluxe
80761e38028d598bad1736b7e3ef114e,2010/07/22,14.99,,deluxe
80761e38028d598bad1736b7e3ef114e,2010/08/21,14.99,,deluxe
80761e38028d598bad1736b7e3ef114e,2010/09/20,14.99,,deluxe
80761e38028d598bad1736b7e3ef114e,2010/10/20,14.99,,deluxe
80761e38028d598bad1736b7e3ef114e,2010/11/19,14.99,,deluxe
80761e38028d598bad1736b7e3ef114e,2010/12/19,14.99,,deluxe
eddee2744777beaf18dc9cf6cc0515a7,2010/04/26,0.01,,deluxe
eddee2744777beaf18dc9cf6cc0515a7,2010/04/26,14.99,,deluxe
eddee2744777beaf18dc9cf6cc0515a7,2010/05/26,14.99,,deluxe
eddee2744777beaf18dc9cf6cc0515a7,2010/06/25,14.99,,deluxe
eddee2744777beaf18dc9cf6cc0515a7,2010/07/25,14.99,,deluxe
eddee2744777beaf18dc9cf6cc0515a7,2010/08/24,14.99,,deluxe
eddee2744777beaf18dc9cf6cc0515a7,2010/09/23,14.99,,deluxe
eddee2744777beaf18dc9cf6cc0515a7,2010/10/23,14.99,,deluxe
eddee2744777beaf18dc9cf6cc0515a7,2010/11/22,14.99,,deluxe
eddee2744777beaf18dc9cf6cc0515a7,2010/12/22,14.99,,deluxe
6bd484aee7ebb312eb24fd8dbe7d7686,2010/12/18,0.01,,deluxe
6bd484aee7ebb312eb24fd8dbe7d7686,2010/12/18,14.99,,deluxe
a9b22bb2a7b54fc623a18a3a1d2831d9,2010/06/30,0.01,,basic
a9b22bb2a7b54fc623a18a3a1d2831d9,2010/06/30,9.99,,basic
a9b22bb2a7b54fc623a18a3a1d2831d9,2010/07/30,9.99,,basic
a9b22bb2a7b54fc623a18a3a1d2831d9,2010/08/29,9.99,,basic
a9b22bb2a7b54fc623a18a3a1d2831d9,2010/09/28,9.99,,basic
a9b22bb2a7b54fc623a18a3a1d2831d9,2010/10/28,9.99,,basic
a9b22bb2a7b54fc623a18a3a1d2831d9,2010/11/27,9.99,,basic
a9b22bb2a7b54fc623a18a3a1d2831d9,2010/12/27,9.99,,basic
e5128d4365aead90775929a6b53b8a85,2010/09/18,0.01,,basic
e5128d4365aead90775929a6b53b8a85,2010/09/18,9.99,,basic
e5128d4365aead90775929a6b53b8a85,2010/10/18,9.99,20%,basic
e5128d4365aead90775929a6b53b8a85,2010/11/17,9.99,,basic
e5128d4365aead90775929a6b53b8a85,2010/12/17,9.99,,basic
ec68ea53c209786f53e90bd73b7c49ad,2010/06/09,0.01,,deluxe
ec68ea53c209786f53e90bd73b7c49ad,2010/06/09,14.99,,deluxe
ec68ea53c209786f53e90bd73b7c49ad,2010/07/09,14.99,,deluxe
ec68ea53c209786f53e90bd73b7c49ad,2010/08/08,14.99,10%,deluxe
ec68ea53c209786f53e90bd73b7c49ad,2010/09/07,14.99,,deluxe
ec68ea53c209786f53e90bd73b7c49ad,2010/10/07,14.99,,deluxe
ec68ea53c209786f53e90bd73b7c49ad,2010/11/06,14.99,,deluxe
ec68ea53c209786f53e90bd73b7c49ad,2010/12/06,14.99,,deluxe
542c39b0cf3e0a9c13a5e7347cdb5084,2010/07/28,0.01,,basic
542c39b0cf3e0a9c13a5e7347cdb5084,2010/07/28,9.99,,basic
542c39b0cf3e0a9c13a5e7347cdb5084,2010/08/27,9.99,,basic
542c39b0cf3e0a9c13a5e7347cdb5084,2010/09/26,9.99,5%,basic
542c39b0cf3e0a9c13a5e7347cdb5084,2010/10/26,9.99,,basic
542c39b0cf3e0a9c13a5e7347cdb5084,2010/11/25,9.99,,basic
542c39b0cf3e0a9c13a5e7347cdb5084,2010/12/25,9.99,,basic
7573b4e993ba023eed04334a9b32e004,2010/01/11,0.01,,basic
7573b4e993ba023eed04334a9b32e004,2010/01/11,9.99,,basic
7573b4e993ba023eed04334a9b32e004,2010/02/10,9.99,,basic
7573b4e993ba023eed04334a9b32e004,2010/03/12,9.99,,basic
7573b4e993ba023eed04334a9b32e004,2010/04/11,9.99,20%,basic
7573b4e993ba023eed04334a9b32e004,2010/05/11,9.99,,basic
7573b4e993ba023eed04334a9b32e004,2010/06/10,9.99,,basic
7573b4e993ba023eed04334a9b32e004,2010/07/10,9.99,,basic
7573b4e993ba023eed04334a9b32e004,2010/08/09,9.99,,basic
7573b4e993ba023eed04334a9b32e004,2010/09/08,9.99,,basic
7573b4e993ba023eed04334a9b32e004,2010/10/08,9.99,,basic
7573b4e993ba023eed04334a9b32e004,2010/11/07,9.99,,basic
7573b4e993ba023eed04334a9b32e004,2010/12/07,9.99,5%,basic
9774bbd28bfb2bf15e6fd24e052bc6da,2010/10/12,0.01,,basic
9774bbd28bfb2bf15e6fd24e052bc6da,2010/10/12,9.99,,basic
9774bbd28bfb2bf15e6fd24e052bc6da,2010/11/11,9.99,,basic
9774bbd28bfb2bf15e6fd24e052bc6da,2010/12/11,9.99,5%,basic
fe0d8602f8e87359d4e8accbab877cf1,2010/12/20,0.01,,basic
fe0d8602f8e87359d4e8accbab877cf1,2010/12/20,9.99,,basic
70d5cd476a8d26f8a7b056062b603963,2010/10/29,0.01,,basic
70d5cd476a8d26f8a7b056062b603963,2010/10/29,9.99,,basic
70d5cd476a8d26f8a7b056062b603963,2010/11/28,9.99,,basic
70d5cd476a8d26f8a7b056062b603963,2010/12/28,9.99,,basic
49674e736aa2d6f895278ee690b3820b,2010/08/17,0.01,,basic
49674e736aa2d6f895278ee690b3820b,2010/08/17,9.99,,basic
49674e736aa2d6f895278ee690b3820b,2010/09/16,9.99,,basic
49674e736aa2d6f895278ee690b3820b,2010/10/16,9.99,,basic
49674e736aa2d6f895278ee690b3820b,2010/11/15,9.99,,basic
49674e736aa2d6f895278ee690b3820b,2010/12/15,9.99,,basic
713be9e880e742f6c5a921221c49d6bf,2010/08/14,0.01,,basic
713be9e880e742f6c5a921221c49d6bf,2010/08/14,9.99,,basic
713be9e880e742f6c5a921221c49d6bf,2010/09/13,9.99,,basic
713be9e880e742f6c5a921221c49d6bf,2010/10/13,9.99,,basic
713be9e880e742f6c5a921221c49d6bf,2010/11/12,9.99,,basic
713be9e880e742f6c5a921221c49d6bf,2010/12/12,9.99,,basic
32e9e879950d9c1fa37f55fadcdd7ddb,2010/08/26,0.01,,deluxe
32e9e879950d9c1fa37f55fadcdd7ddb,2010/08/26,14.99,,deluxe
32e9e879950d9c1fa37f55fadcdd7ddb,2010/09/25,14.99,,deluxe
32e9e879950d9c1fa37f55fadcdd7ddb,2010/10/25,14.99,,deluxe
32e9e879950d9c1fa37f55fadcdd7ddb,2010/11/24,14.99,,deluxe
32e9e879950d9c1fa37f55fadcdd7ddb,2010/12/24,14.99,,deluxe
4a30b74d0f87ddac8e2558ce824e805b,2010/02/05,0.01,,basic
4a30b74d0f87ddac8e2558ce824e805b,2010/02/05,9.99,,basic
4a30b74d0f87ddac8e2558ce824e805b,2010/03/07,9.99,,basic
4a30b74d0f87ddac8e2558ce824e805b,2010/04/06,9.99,,basic
4a30b74d0f87ddac8e2558ce824e805b,2010/05/06,9.99,,basic
4a30b74d0f87ddac8e2558ce824e805b,2010/06/05,9.99,,basic
4a30b74d0f87ddac8e2558ce824e805b,2010/07/05,9.99,,basic
4a30b74d0f87ddac8e2558ce824e805b,2010/08/04,9.99,,basic
4a30b74d0f87ddac8e2558ce824e805b,2010/09/03,9.99,,basic
4a30b74d0f87ddac8e2558ce824e805b,2010/10/03,9.99,,basic
4a30b74d0f87ddac8e2558ce824e805b,2010/11/02,9.99,,basic
4a30b74d0f87ddac8e2558ce824e805b,2010/12/02,9.99,,basic
ff23e8e6a94797577974dfe8ba5aff94,2010/09/12,0.01,,basic
ff23e8e6a94797577974dfe8ba5aff94,2010/09/12,9.99,,basic
ff23e8e6a94797577974dfe8ba5aff94,2010/10/12,9.99,,basic
ff23e8e6a94797577974dfe8ba5aff94,2010/11/11,9.99,,basic
ff23e8e6a94797577974dfe8ba5aff94,2010/12/11,9.99,,basic
6082e01a81dbd7a7bb3b379c99614427,2010/08/11,0.01,,basic
6082e01a81dbd7a7bb3b379c99614427,2010/08/11,9.99,,basic
6082e01a81dbd7a7bb3b379c99614427,2010/09/10,9.99,,basic
6082e01a81dbd7a7bb3b379c99614427,2010/10/10,9.99,10%,basic
6082e01a81dbd7a7bb3b379c99614427,2010/11/09,9.99,,basic
6082e01a81dbd7a7bb3b379c99614427,2010/12/09,9.99,,basic
811e7d88cb9b9a4e5e8d0231af159f97,2010/08/09,0.01,,platinum
811e7d88cb9b9a4e5e8d0231af159f97,2010/08/09,29.99,,platinum
811e7d88cb9b9a4e5e8d0231af159f97,2010/09/08,29.99,,platinum
811e7d88cb9b9a4e5e8d0231af159f97,2010/10/08,29.99,,platinum
811e7d88cb9b9a4e5e8d0231af159f97,2010/11/07,29.99,,platinum
811e7d88cb9b9a4e5e8d0231af159f97,2010/12/07,29.99,,platinum
494e5625b4a80b34eef9a359ae8a0cc6,2010/01/15,0.01,,deluxe
494e5625b4a80b34eef9a359ae8a0cc6,2010/01/15,14.99,,deluxe
494e5625b4a80b34eef9a359ae8a0cc6,2010/02/14,14.99,,deluxe
494e5625b4a80b34eef9a359ae8a0cc6,2010/03/16,14.99,,deluxe
494e5625b4a80b34eef9a359ae8a0cc6,2010/04/15,14.99,,deluxe
494e5625b4a80b34eef9a359ae8a0cc6,2010/05/15,14.99,,deluxe
494e5625b4a80b34eef9a359ae8a0cc6,2010/06/14,14.99,,deluxe
494e5625b4a80b34eef9a359ae8a0cc6,2010/07/14,14.99,,deluxe
494e5625b4a80b34eef9a359ae8a0cc6,2010/08/13,14.99,,deluxe
494e5625b4a80b34eef9a359ae8a0cc6,2010/09/12,14.99,,deluxe
494e5625b4a80b34eef9a359ae8a0cc6,2010/10/12,14.99,5%,deluxe
494e5625b4a80b34eef9a359ae8a0cc6,2010/11/11,14.99,,deluxe
494e5625b4a80b34eef9a359ae8a0cc6,2010/12/11,14.99,,deluxe
57fc82748ca0de1fd947b60d23a14d34,2010/06/14,0.01,,basic
57fc82748ca0de1fd947b60d23a14d34,2010/06/14,9.99,,basic
57fc82748ca0de1fd947b60d23a14d34,2010/07/14,9.99,,basic
57fc82748ca0de1fd947b60d23a14d34,2010/08/13,9.99,,basic
57fc82748ca0de1fd947b60d23a14d34,2010/09/12,9.99,,basic
57fc82748ca0de1fd947b60d23a14d34,2010/10/12,9.99,,basic
57fc82748ca0de1fd947b60d23a14d34,2010/11/11,9.99,,basic
57fc82748ca0de1fd947b60d23a14d34,2010/12/11,9.99,,basic
e6e74bd9fdf990f6e0e3606a1829c4ce,2010/03/10,0.01,,basic
e6e74bd9fdf990f6e0e3606a1829c4ce,2010/03/10,9.99,,basic
e6e74bd9fdf990f6e0e3606a1829c4ce,2010/04/09,9.99,5%,basic
e6e74bd9fdf990f6e0e3606a1829c4ce,2010/05/09,9.99,,basic
e6e74bd9fdf990f6e0e3606a1829c4ce,2010/06/08,9.99,,basic
e6e74bd9fdf990f6e0e3606a1829c4ce,2010/07/08,9.99,,basic
e6e74bd9fdf990f6e0e3606a1829c4ce,2010/08/07,9.99,,basic
e6e74bd9fdf990f6e0e3606a1829c4ce,2010/09/06,9.99,,basic
e6e74bd9fdf990f6e0e3606a1829c4ce,2010/10/06,9.99,5%,basic
e6e74bd9fdf990f6e0e3606a1829c4ce,2010/11/05,9.99,,basic
e6e74bd9fdf990f6e0e3606a1829c4ce,2010/12/05,9.99,,basic
2d1115164d292e9a5f7b02eb5b42a1a3,2010/12/14,0.01,,basic
2d1115164d292e9a5f7b02eb5b42a1a3,2010/12/14,9.99,,basic
80c65d1c4334a4ca9739b212d4135d32,2010/02/17,0.01,,basic
80c65d1c4334a4ca9739b212d4135d32,2010/02/17,9.99,,basic
80c65d1c4334a4ca9739b212d4135d32,2010/03/19,9.99,,basic
80c65d1c4334a4ca9739b212d4135d32,2010/04/18,9.99,,basic
80c65d1c4334a4ca9739b212d4135d32,2010/05/18,9.99,,basic
80c65d1c4334a4ca9739b212d4135d32,2010/06/17,9.99,,basic
80c65d1c4334a4ca9739b212d4135d32,2010/07/17,9.99,,basic
80c65d1c4334a4ca9739b212d4135d32,2010/08/16,9.99,,basic
80c65d1c4334a4ca9739b212d4135d32,2010/09/15,9.99,,basic
80c65d1c4334a4ca9739b212d4135d32,2010/10/15,9.99,,basic
80c65d1c4334a4ca9739b212d4135d32,2010/11/14,9.99,,basic
80c65d1c4334a4ca9739b212d4135d32,2010/12/14,9.99,,basic
4a8f5af5c1b886cd320f23d4daf8d89e,2010/10/26,0.01,,basic
4a8f5af5c1b886cd320f23d4daf8d89e,2010/10/26,9.99,,basic
4a8f5af5c1b886cd320f23d4daf8d89e,2010/11/25,9.99,,basic
4a8f5af5c1b886cd320f23d4daf8d89e,2010/12/25,9.99,,basic
46c108aa5002219cb121c2d8041e4e61,2010/05/09,0.01,,deluxe
46c108aa5002219cb121c2d8041e4e61,2010/05/09,14.99,,deluxe
46c108aa5002219cb121c2d8041e4e61,2010/06/08,14.99,,deluxe
46c108aa5002219cb121c2d8041e4e61,2010/07/08,14.99,,deluxe
46c108aa5002219cb121c2d8041e4e61,2010/08/07,14.99,,deluxe
46c108aa5002219cb121c2d8041e4e61,2010/09/06,14.99,,deluxe
46c108aa5002219cb121c2d8041e4e61,2010/10/06,14.99,,deluxe
46c108aa5002219cb121c2d8041e4e61,2010/11/05,14.99,,deluxe
46c108aa5002219cb121c2d8041e4e61,2010/12/05,14.99,,deluxe
39134075ffbf9955c0f0901fdf1ce606,2010/02/13,0.01,,basic
39134075ffbf9955c0f0901fdf1ce606,2010/02/13,9.99,,basic
39134075ffbf9955c0f0901fdf1ce606,2010/03/15,9.99,,basic
39134075ffbf9955c0f0901fdf1ce606,2010/04/14,9.99,,basic
39134075ffbf9955c0f0901fdf1ce606,2010/05/14,9.99,,basic
39134075ffbf9955c0f0901fdf1ce606,2010/06/13,9.99,,basic
39134075ffbf9955c0f0901fdf1ce606,2010/07/13,9.99,,basic
39134075ffbf9955c0f0901fdf1ce606,2010/08/12,9.99,,basic
39134075ffbf9955c0f0901fdf1ce606,2010/09/11,9.99,,basic
39134075ffbf9955c0f0901fdf1ce606,2010/10/11,9.99,,basic
39134075ffbf9955c0f0901fdf1ce606,2010/11/10,9.99,,basic
39134075ffbf9955c0f0901fdf1ce606,2010/12/10,9.99,,basic
3bccf768c2603112183717cf7fbd8db2,2010/09/20,0.01,,platinum
3bccf768c2603112183717cf7fbd8db2,2010/09/20,29.99,,platinum
3bccf768c2603112183717cf7fbd8db2,2010/10/20,29.99,,platinum
3bccf768c2603112183717cf7fbd8db2,2010/11/19,29.99,,platinum
3bccf768c2603112183717cf7fbd8db2,2010/12/19,29.99,,platinum
56bea91fe5d5920b9b6accb173d81f05,2010/06/21,0.01,,deluxe
56bea91fe5d5920b9b6accb173d81f05,2010/06/21,14.99,,deluxe
56bea91fe5d5920b9b6accb173d81f05,2010/07/21,14.99,,deluxe
56bea91fe5d5920b9b6accb173d81f05,2010/08/20,14.99,,deluxe
56bea91fe5d5920b9b6accb173d81f05,2010/09/19,14.99,5%,deluxe
56bea91fe5d5920b9b6accb173d81f05,2010/10/19,14.99,,deluxe
56bea91fe5d5920b9b6accb173d81f05,2010/11/18,14.99,,deluxe
56bea91fe5d5920b9b6accb173d81f05,2010/12/18,14.99,,deluxe
76b799cc363ce530112ed9a2d94b4c00,2010/03/13,0.01,,basic
76b799cc363ce530112ed9a2d94b4c00,2010/03/13,9.99,,basic
76b799cc363ce530112ed9a2d94b4c00,2010/04/12,9.99,,basic
76b799cc363ce530112ed9a2d94b4c00,2010/05/12,9.99,,basic
76b799cc363ce530112ed9a2d94b4c00,2010/06/11,9.99,,basic
76b799cc363ce530112ed9a2d94b4c00,2010/07/11,9.99,,basic
76b799cc363ce530112ed9a2d94b4c00,2010/08/10,9.99,,basic
76b799cc363ce530112ed9a2d94b4c00,2010/09/09,9.99,5%,basic
76b799cc363ce530112ed9a2d94b4c00,2010/10/09,9.99,,basic
76b799cc363ce530112ed9a2d94b4c00,2010/11/08,9.99,,basic
76b799cc363ce530112ed9a2d94b4c00,2010/12/08,9.99,,basic
f07f09227e0671fe4e26f76c4873efe0,2010/03/01,0.01,,deluxe
f07f09227e0671fe4e26f76c4873efe0,2010/03/01,14.99,,deluxe
f07f09227e0671fe4e26f76c4873efe0,2010/03/31,14.99,,deluxe
f07f09227e0671fe4e26f76c4873efe0,2010/04/30,14.99,,deluxe
f07f09227e0671fe4e26f76c4873efe0,2010/05/30,14.99,,deluxe
f07f09227e0671fe4e26f76c4873efe0,2010/06/29,14.99,,deluxe
f07f09227e0671fe4e26f76c4873efe0,2010/07/29,14.99,,deluxe
f07f09227e0671fe4e26f76c4873efe0,2010/08/28,14.99,,deluxe
f07f09227e0671fe4e26f76c4873efe0,2010/09/27,14.99,,deluxe
f07f09227e0671fe4e26f76c4873efe0,2010/10/27,14.99,,deluxe
f07f09227e0671fe4e26f76c4873efe0,2010/11/26,14.99,,deluxe
f07f09227e0671fe4e26f76c4873efe0,2010/12/26,14.99,,deluxe
1ba989444846b40035ebe58030cc795a,2010/02/27,0.01,,deluxe
1ba989444846b40035ebe58030cc795a,2010/02/27,14.99,,deluxe
1ba989444846b40035ebe58030cc795a,2010/03/29,14.99,,deluxe
1ba989444846b40035ebe58030cc795a,2010/04/28,14.99,,deluxe
1ba989444846b40035ebe58030cc795a,2010/05/28,14.99,,deluxe
1ba989444846b40035ebe58030cc795a,2010/06/27,14.99,,deluxe
1ba989444846b40035ebe58030cc795a,2010/07/27,14.99,,deluxe
1ba989444846b40035ebe58030cc795a,2010/08/26,14.99,,deluxe
1ba989444846b40035ebe58030cc795a,2010/09/25,14.99,,deluxe
1ba989444846b40035ebe58030cc795a,2010/10/25,14.99,,deluxe
1ba989444846b40035ebe58030cc795a,2010/11/24,14.99,5%,deluxe
1ba989444846b40035ebe58030cc795a,2010/12/24,14.99,,deluxe
046561a32045e8016d4ca2ff050eebaf,2010/09/20,0.01,,basic
046561a32045e8016d4ca2ff050eebaf,2010/09/20,9.99,,basic
046561a32045e8016d4ca2ff050eebaf,2010/10/20,9.99,,basic
046561a32045e8016d4ca2ff050eebaf,2010/11/19,9.99,,basic
046561a32045e8016d4ca2ff050eebaf,2010/12/19,9.99,,basic
9e1ea5384e89126c7297bf971792110c,2010/08/17,0.01,,basic
9e1ea5384e89126c7297bf971792110c,2010/08/17,9.99,,basic
9e1ea5384e89126c7297bf971792110c,2010/09/16,9.99,,basic
9e1ea5384e89126c7297bf971792110c,2010/10/16,9.99,5%,basic
9e1ea5384e89126c7297bf971792110c,2010/11/15,9.99,,basic
9e1ea5384e89126c7297bf971792110c,2010/12/15,9.99,,basic
b1ab68a69913e935d728479ffcd9dfad,2010/08/13,0.01,,deluxe
b1ab68a69913e935d728479ffcd9dfad,2010/08/13,14.99,,deluxe
b1ab68a69913e935d728479ffcd9dfad,2010/09/12,14.99,,deluxe
b1ab68a69913e935d728479ffcd9dfad,2010/10/12,14.99,,deluxe
b1ab68a69913e935d728479ffcd9dfad,2010/11/11,14.99,,deluxe
b1ab68a69913e935d728479ffcd9dfad,2010/12/11,14.99,,deluxe
aa267eda683d9cbca629806ccdd05e6c,2010/10/06,0.01,,basic
aa267eda683d9cbca629806ccdd05e6c,2010/10/06,9.99,,basic
aa267eda683d9cbca629806ccdd05e6c,2010/11/05,9.99,,basic
aa267eda683d9cbca629806ccdd05e6c,2010/12/05,9.99,,basic
5de8a19a54a4ced8bdd7e91569d947cb,2010/08/13,0.01,,basic
5de8a19a54a4ced8bdd7e91569d947cb,2010/08/13,9.99,,basic
5de8a19a54a4ced8bdd7e91569d947cb,2010/09/12,9.99,,basic
5de8a19a54a4ced8bdd7e91569d947cb,2010/10/12,9.99,,basic
5de8a19a54a4ced8bdd7e91569d947cb,2010/11/11,9.99,5%,basic
5de8a19a54a4ced8bdd7e91569d947cb,2010/12/11,9.99,,basic
5fbb1f34a87a4e2e0f1a29f6c9e11f97,2010/12/06,0.01,,basic
5fbb1f34a87a4e2e0f1a29f6c9e11f97,2010/12/06,9.99,,basic
6cd181f06130bc0ad0a047a934aff31a,2010/09/06,0.01,,platinum
6cd181f06130bc0ad0a047a934aff31a,2010/09/06,29.99,,platinum
6cd181f06130bc0ad0a047a934aff31a,2010/10/06,29.99,,platinum
6cd181f06130bc0ad0a047a934aff31a,2010/11/05,29.99,,platinum
6cd181f06130bc0ad0a047a934aff31a,2010/12/05,29.99,,platinum
3b4824c67f48715fcf8df410777faf43,2010/02/19,0.01,,basic
3b4824c67f48715fcf8df410777faf43,2010/02/19,9.99,,basic
3b4824c67f48715fcf8df410777faf43,2010/03/21,9.99,,basic
3b4824c67f48715fcf8df410777faf43,2010/04/20,9.99,,basic
3b4824c67f48715fcf8df410777faf43,2010/05/20,9.99,,basic
3b4824c67f48715fcf8df410777faf43,2010/06/19,9.99,,basic
3b4824c67f48715fcf8df410777faf43,2010/07/19,9.99,,basic
3b4824c67f48715fcf8df410777faf43,2010/08/18,9.99,,basic
3b4824c67f48715fcf8df410777faf43,2010/09/17,9.99,,basic
3b4824c67f48715fcf8df410777faf43,2010/10/17,9.99,,basic
3b4824c67f48715fcf8df410777faf43,2010/11/16,9.99,,basic
3b4824c67f48715fcf8df410777faf43,2010/12/16,9.99,,basic
7da4d5adffa5ef72600dcd27056ac80f,2010/07/13,0.01,,basic
7da4d5adffa5ef72600dcd27056ac80f,2010/07/13,9.99,,basic
7da4d5adffa5ef72600dcd27056ac80f,2010/08/12,9.99,,basic
7da4d5adffa5ef72600dcd27056ac80f,2010/09/11,9.99,,basic
7da4d5adffa5ef72600dcd27056ac80f,2010/10/11,9.99,,basic
7da4d5adffa5ef72600dcd27056ac80f,2010/11/10,9.99,,basic
7da4d5adffa5ef72600dcd27056ac80f,2010/12/10,9.99,,basic
cc7c31b1a6f80fe5653b03fac931819c,2010/04/28,0.01,,basic
cc7c31b1a6f80fe5653b03fac931819c,2010/04/28,9.99,,basic
cc7c31b1a6f80fe5653b03fac931819c,2010/05/28,9.99,,basic
cc7c31b1a6f80fe5653b03fac931819c,2010/06/27,9.99,,basic
cc7c31b1a6f80fe5653b03fac931819c,2010/07/27,9.99,,basic
cc7c31b1a6f80fe5653b03fac931819c,2010/08/26,9.99,,basic
cc7c31b1a6f80fe5653b03fac931819c,2010/09/25,9.99,,basic
cc7c31b1a6f80fe5653b03fac931819c,2010/10/25,9.99,,basic
cc7c31b1a6f80fe5653b03fac931819c,2010/11/24,9.99,,basic
cc7c31b1a6f80fe5653b03fac931819c,2010/12/24,9.99,5%,basic
636c19d84aad645eed6ab390702a56ff,2010/06/21,0.01,,basic
636c19d84aad645eed6ab390702a56ff,2010/06/21,9.99,,basic
636c19d84aad645eed6ab390702a56ff,2010/07/21,9.99,,basic
636c19d84aad645eed6ab390702a56ff,2010/08/20,9.99,,basic
636c19d84aad645eed6ab390702a56ff,2010/09/19,9.99,,basic
636c19d84aad645eed6ab390702a56ff,2010/10/19,9.99,,basic
636c19d84aad645eed6ab390702a56ff,2010/11/18,9.99,,basic
636c19d84aad645eed6ab390702a56ff,2010/12/18,9.99,,basic
4c7d714371fb00f4caf525db92f6b78b,2010/11/11,0.01,,platinum
4c7d714371fb00f4caf525db92f6b78b,2010/11/11,29.99,,platinum
4c7d714371fb00f4caf525db92f6b78b,2010/12/11,29.99,,platinum
0b0ace24c7be7a0030ce1787cc9f0e59,2010/09/06,0.01,,basic
0b0ace24c7be7a0030ce1787cc9f0e59,2010/09/06,9.99,,basic
0b0ace24c7be7a0030ce1787cc9f0e59,2010/10/06,9.99,5%,basic
0b0ace24c7be7a0030ce1787cc9f0e59,2010/11/05,9.99,,basic
0b0ace24c7be7a0030ce1787cc9f0e59,2010/12/05,9.99,,basic
7adc12e8c0c2a020d7e06a0ee5dc294b,2010/12/20,0.01,,basic
7adc12e8c0c2a020d7e06a0ee5dc294b,2010/12/20,9.99,,basic
9274f1b73811684c12b1f14dda9e81bd,2010/07/05,0.01,,basic
9274f1b73811684c12b1f14dda9e81bd,2010/07/05,9.99,,basic
9274f1b73811684c12b1f14dda9e81bd,2010/08/04,9.99,,basic
9274f1b73811684c12b1f14dda9e81bd,2010/09/03,9.99,,basic
9274f1b73811684c12b1f14dda9e81bd,2010/10/03,9.99,,basic
9274f1b73811684c12b1f14dda9e81bd,2010/11/02,9.99,,basic
9274f1b73811684c12b1f14dda9e81bd,2010/12/02,9.99,,basic
aba017ba427271f580c84081021ad56a,2010/02/02,0.01,,basic
aba017ba427271f580c84081021ad56a,2010/02/02,9.99,,basic
aba017ba427271f580c84081021ad56a,2010/03/04,9.99,,basic
aba017ba427271f580c84081021ad56a,2010/04/03,9.99,,basic
aba017ba427271f580c84081021ad56a,2010/05/03,9.99,,basic
aba017ba427271f580c84081021ad56a,2010/06/02,9.99,,basic
aba017ba427271f580c84081021ad56a,2010/07/02,9.99,,basic
aba017ba427271f580c84081021ad56a,2010/08/01,9.99,,basic
aba017ba427271f580c84081021ad56a,2010/08/31,9.99,,basic
aba017ba427271f580c84081021ad56a,2010/09/30,9.99,,basic
aba017ba427271f580c84081021ad56a,2010/10/30,9.99,,basic
aba017ba427271f580c84081021ad56a,2010/11/29,9.99,,basic
aba017ba427271f580c84081021ad56a,2010/12/29,9.99,,basic
dba8b84864775a4fd746b70190c13d0f,2010/02/28,0.01,,deluxe
dba8b84864775a4fd746b70190c13d0f,2010/02/28,14.99,,deluxe
dba8b84864775a4fd746b70190c13d0f,2010/03/30,14.99,,deluxe
dba8b84864775a4fd746b70190c13d0f,2010/04/29,14.99,10%,deluxe
dba8b84864775a4fd746b70190c13d0f,2010/05/29,14.99,,deluxe
dba8b84864775a4fd746b70190c13d0f,2010/06/28,14.99,,deluxe
dba8b84864775a4fd746b70190c13d0f,2010/07/28,14.99,,deluxe
dba8b84864775a4fd746b70190c13d0f,2010/08/27,14.99,10%,deluxe
dba8b84864775a4fd746b70190c13d0f,2010/09/26,14.99,,deluxe
dba8b84864775a4fd746b70190c13d0f,2010/10/26,14.99,,deluxe
dba8b84864775a4fd746b70190c13d0f,2010/11/25,14.99,,deluxe
dba8b84864775a4fd746b70190c13d0f,2010/12/25,14.99,,deluxe
b2306a29cca3c6e0e667571ee911ca53,2010/12/06,0.01,,basic
b2306a29cca3c6e0e667571ee911ca53,2010/12/06,9.99,,basic
20c9d05330c9375b25de31d95b7345a7,2010/08/18,0.01,,basic
20c9d05330c9375b25de31d95b7345a7,2010/08/18,9.99,,basic
20c9d05330c9375b25de31d95b7345a7,2010/09/17,9.99,,basic
20c9d05330c9375b25de31d95b7345a7,2010/10/17,9.99,,basic
20c9d05330c9375b25de31d95b7345a7,2010/11/16,9.99,,basic
20c9d05330c9375b25de31d95b7345a7,2010/12/16,9.99,,basic
931a5c14cca2f4406911f364f4300084,2010/09/04,0.01,,basic
931a5c14cca2f4406911f364f4300084,2010/09/04,9.99,,basic
931a5c14cca2f4406911f364f4300084,2010/10/04,9.99,,basic
931a5c14cca2f4406911f364f4300084,2010/11/03,9.99,,basic
931a5c14cca2f4406911f364f4300084,2010/12/03,9.99,,basic
3ef8075b96a041ee35ad88d9a6eebdff,2010/03/02,0.01,,basic
3ef8075b96a041ee35ad88d9a6eebdff,2010/03/02,9.99,,basic
3ef8075b96a041ee35ad88d9a6eebdff,2010/04/01,9.99,,basic
3ef8075b96a041ee35ad88d9a6eebdff,2010/05/01,9.99,,basic
3ef8075b96a041ee35ad88d9a6eebdff,2010/05/31,9.99,,basic
3ef8075b96a041ee35ad88d9a6eebdff,2010/06/30,9.99,,basic
3ef8075b96a041ee35ad88d9a6eebdff,2010/07/30,9.99,5%,basic
3ef8075b96a041ee35ad88d9a6eebdff,2010/08/29,9.99,,basic
3ef8075b96a041ee35ad88d9a6eebdff,2010/09/28,9.99,,basic
3ef8075b96a041ee35ad88d9a6eebdff,2010/10/28,9.99,,basic
3ef8075b96a041ee35ad88d9a6eebdff,2010/11/27,9.99,,basic
3ef8075b96a041ee35ad88d9a6eebdff,2010/12/27,9.99,,basic
d7093b60ad744cb1bfde39a83ad2ee5c,2010/03/12,0.01,,basic
d7093b60ad744cb1bfde39a83ad2ee5c,2010/03/12,9.99,,basic
d7093b60ad744cb1bfde39a83ad2ee5c,2010/04/11,9.99,,basic
d7093b60ad744cb1bfde39a83ad2ee5c,2010/05/11,9.99,,basic
d7093b60ad744cb1bfde39a83ad2ee5c,2010/06/10,9.99,,basic
d7093b60ad744cb1bfde39a83ad2ee5c,2010/07/10,9.99,,basic
d7093b60ad744cb1bfde39a83ad2ee5c,2010/08/09,9.99,,basic
d7093b60ad744cb1bfde39a83ad2ee5c,2010/09/08,9.99,,basic
d7093b60ad744cb1bfde39a83ad2ee5c,2010/10/08,9.99,,basic
d7093b60ad744cb1bfde39a83ad2ee5c,2010/11/07,9.99,,basic
d7093b60ad744cb1bfde39a83ad2ee5c,2010/12/07,9.99,,basic
070c2ef5fe6f7efae8cf4e781419a3d2,2010/01/02,0.01,,deluxe
070c2ef5fe6f7efae8cf4e781419a3d2,2010/01/02,14.99,,deluxe
070c2ef5fe6f7efae8cf4e781419a3d2,2010/02/01,14.99,,deluxe
070c2ef5fe6f7efae8cf4e781419a3d2,2010/03/03,14.99,,deluxe
070c2ef5fe6f7efae8cf4e781419a3d2,2010/04/02,14.99,10%,deluxe
070c2ef5fe6f7efae8cf4e781419a3d2,2010/05/02,14.99,10%,deluxe
070c2ef5fe6f7efae8cf4e781419a3d2,2010/06/01,14.99,,deluxe
070c2ef5fe6f7efae8cf4e781419a3d2,2010/07/01,14.99,,deluxe
070c2ef5fe6f7efae8cf4e781419a3d2,2010/07/31,14.99,,deluxe
070c2ef5fe6f7efae8cf4e781419a3d2,2010/08/30,14.99,,deluxe
070c2ef5fe6f7efae8cf4e781419a3d2,2010/09/29,14.99,,deluxe
070c2ef5fe6f7efae8cf4e781419a3d2,2010/10/29,14.99,,deluxe
070c2ef5fe6f7efae8cf4e781419a3d2,2010/11/28,14.99,,deluxe
070c2ef5fe6f7efae8cf4e781419a3d2,2010/12/28,14.99,,deluxe
18c7a87ae0b2cec8db1435658255e36d,2010/12/20,0.01,,basic
18c7a87ae0b2cec8db1435658255e36d,2010/12/20,9.99,,basic
970f11e0e36107b718709dcc11883834,2010/08/06,0.01,,basic
970f11e0e36107b718709dcc11883834,2010/08/06,9.99,,basic
970f11e0e36107b718709dcc11883834,2010/09/05,9.99,,basic
970f11e0e36107b718709dcc11883834,2010/10/05,9.99,,basic
970f11e0e36107b718709dcc11883834,2010/11/04,9.99,5%,basic
970f11e0e36107b718709dcc11883834,2010/12/04,9.99,,basic
a3da50b73cd97a86ae6e2a09d9dad861,2010/10/07,0.01,,basic
a3da50b73cd97a86ae6e2a09d9dad861,2010/10/07,9.99,,basic
a3da50b73cd97a86ae6e2a09d9dad861,2010/11/06,9.99,,basic
a3da50b73cd97a86ae6e2a09d9dad861,2010/12/06,9.99,,basic
65271d95529559f1eca45c71b4b3367e,2010/12/27,0.01,,deluxe
65271d95529559f1eca45c71b4b3367e,2010/12/27,14.99,,deluxe
1d7c34d565756b84f17028a79fcd4558,2010/11/23,0.01,,basic
1d7c34d565756b84f17028a79fcd4558,2010/11/23,9.99,5%,basic
1d7c34d565756b84f17028a79fcd4558,2010/12/23,9.99,20%,basic
6888af6ed14d4defbd9b0ce07b6cf1ee,2010/01/22,0.01,,basic
6888af6ed14d4defbd9b0ce07b6cf1ee,2010/01/22,9.99,,basic
6888af6ed14d4defbd9b0ce07b6cf1ee,2010/02/21,9.99,,basic
6888af6ed14d4defbd9b0ce07b6cf1ee,2010/03/23,9.99,,basic
6888af6ed14d4defbd9b0ce07b6cf1ee,2010/04/22,9.99,,basic
6888af6ed14d4defbd9b0ce07b6cf1ee,2010/05/22,9.99,,basic
6888af6ed14d4defbd9b0ce07b6cf1ee,2010/06/21,9.99,,basic
6888af6ed14d4defbd9b0ce07b6cf1ee,2010/07/21,9.99,,basic
6888af6ed14d4defbd9b0ce07b6cf1ee,2010/08/20,9.99,,basic
6888af6ed14d4defbd9b0ce07b6cf1ee,2010/09/19,9.99,,basic
6888af6ed14d4defbd9b0ce07b6cf1ee,2010/10/19,9.99,,basic
6888af6ed14d4defbd9b0ce07b6cf1ee,2010/11/18,9.99,,basic
6888af6ed14d4defbd9b0ce07b6cf1ee,2010/12/18,9.99,,basic
21a2520633c40202d3872f2c30114bc5,2010/12/09,0.01,,deluxe
21a2520633c40202d3872f2c30114bc5,2010/12/09,14.99,,deluxe
9b6e620a28db5fc9c138db49add4b7dc,2010/10/11,0.01,,deluxe
9b6e620a28db5fc9c138db49add4b7dc,2010/10/11,14.99,5%,deluxe
9b6e620a28db5fc9c138db49add4b7dc,2010/11/10,14.99,,deluxe
9b6e620a28db5fc9c138db49add4b7dc,2010/12/10,14.99,,deluxe
18d1b3319e5e3d38eb6436077f1b505f,2010/08/16,0.01,,deluxe
18d1b3319e5e3d38eb6436077f1b505f,2010/08/16,14.99,,deluxe
18d1b3319e5e3d38eb6436077f1b505f,2010/09/15,14.99,,deluxe
18d1b3319e5e3d38eb6436077f1b505f,2010/10/15,14.99,,deluxe
18d1b3319e5e3d38eb6436077f1b505f,2010/11/14,14.99,,deluxe
18d1b3319e5e3d38eb6436077f1b505f,2010/12/14,14.99,,deluxe
236c9faf1da9ec17c58db717cc315951,2010/01/18,0.01,,basic
236c9faf1da9ec17c58db717cc315951,2010/01/18,9.99,,basic
236c9faf1da9ec17c58db717cc315951,2010/02/17,9.99,,basic
236c9faf1da9ec17c58db717cc315951,2010/03/19,9.99,,basic
236c9faf1da9ec17c58db717cc315951,2010/04/18,9.99,,basic
236c9faf1da9ec17c58db717cc315951,2010/05/18,9.99,,basic
236c9faf1da9ec17c58db717cc315951,2010/06/17,9.99,,basic
236c9faf1da9ec17c58db717cc315951,2010/07/17,9.99,,basic
236c9faf1da9ec17c58db717cc315951,2010/08/16,9.99,,basic
236c9faf1da9ec17c58db717cc315951,2010/09/15,9.99,,basic
236c9faf1da9ec17c58db717cc315951,2010/10/15,9.99,,basic
236c9faf1da9ec17c58db717cc315951,2010/11/14,9.99,,basic
236c9faf1da9ec17c58db717cc315951,2010/12/14,9.99,,basic
b80fd6747e15f8ce3959dece6ad89168,2010/01/25,0.01,,basic
b80fd6747e15f8ce3959dece6ad89168,2010/01/25,9.99,,basic
b80fd6747e15f8ce3959dece6ad89168,2010/02/24,9.99,,basic
b80fd6747e15f8ce3959dece6ad89168,2010/03/26,9.99,,basic
b80fd6747e15f8ce3959dece6ad89168,2010/04/25,9.99,,basic
b80fd6747e15f8ce3959dece6ad89168,2010/05/25,9.99,,basic
b80fd6747e15f8ce3959dece6ad89168,2010/06/24,9.99,,basic
b80fd6747e15f8ce3959dece6ad89168,2010/07/24,9.99,,basic
b80fd6747e15f8ce3959dece6ad89168,2010/08/23,9.99,,basic
b80fd6747e15f8ce3959dece6ad89168,2010/09/22,9.99,,basic
b80fd6747e15f8ce3959dece6ad89168,2010/10/22,9.99,,basic
b80fd6747e15f8ce3959dece6ad89168,2010/11/21,9.99,,basic
b80fd6747e15f8ce3959dece6ad89168,2010/12/21,9.99,,basic
719f22ad0b1381d6ac95a7ce1d94810f,2010/03/29,0.01,,deluxe
719f22ad0b1381d6ac95a7ce1d94810f,2010/03/29,14.99,,deluxe
719f22ad0b1381d6ac95a7ce1d94810f,2010/04/28,14.99,,deluxe
719f22ad0b1381d6ac95a7ce1d94810f,2010/05/28,14.99,,deluxe
719f22ad0b1381d6ac95a7ce1d94810f,2010/06/27,14.99,,deluxe
719f22ad0b1381d6ac95a7ce1d94810f,2010/07/27,14.99,,deluxe
719f22ad0b1381d6ac95a7ce1d94810f,2010/08/26,14.99,,deluxe
719f22ad0b1381d6ac95a7ce1d94810f,2010/09/25,14.99,,deluxe
719f22ad0b1381d6ac95a7ce1d94810f,2010/10/25,14.99,,deluxe
719f22ad0b1381d6ac95a7ce1d94810f,2010/11/24,14.99,,deluxe
719f22ad0b1381d6ac95a7ce1d94810f,2010/12/24,14.99,,deluxe
7eded4103c640c8cbffdd041f7a481d3,2010/06/07,0.01,,basic
7eded4103c640c8cbffdd041f7a481d3,2010/06/07,9.99,,basic
7eded4103c640c8cbffdd041f7a481d3,2010/07/07,9.99,,basic
7eded4103c640c8cbffdd041f7a481d3,2010/08/06,9.99,,basic
7eded4103c640c8cbffdd041f7a481d3,2010/09/05,9.99,,basic
7eded4103c640c8cbffdd041f7a481d3,2010/10/05,9.99,,basic
7eded4103c640c8cbffdd041f7a481d3,2010/11/04,9.99,,basic
7eded4103c640c8cbffdd041f7a481d3,2010/12/04,9.99,,basic
3bc50c5e9179312f1d8888efb922619a,2010/10/04,0.01,,platinum
3bc50c5e9179312f1d8888efb922619a,2010/10/04,29.99,,platinum
3bc50c5e9179312f1d8888efb922619a,2010/11/03,29.99,,platinum
3bc50c5e9179312f1d8888efb922619a,2010/12/03,29.99,5%,platinum
963d73077235cb3eebe7131065a779ce,2010/12/14,0.01,,basic
963d73077235cb3eebe7131065a779ce,2010/12/14,9.99,,basic
7251dd0720eae047a1f25fe53d1ffab8,2010/12/22,0.01,,deluxe
7251dd0720eae047a1f25fe53d1ffab8,2010/12/22,14.99,,deluxe
fdeea479e5eb63ce4a0829943a41e901,2010/10/11,0.01,,basic
fdeea479e5eb63ce4a0829943a41e901,2010/10/11,9.99,,basic
fdeea479e5eb63ce4a0829943a41e901,2010/11/10,9.99,,basic
fdeea479e5eb63ce4a0829943a41e901,2010/12/10,9.99,,basic
de2502a7b571606e9af40a081182caa7,2010/06/21,0.01,,basic
de2502a7b571606e9af40a081182caa7,2010/06/21,9.99,,basic
de2502a7b571606e9af40a081182caa7,2010/07/21,9.99,,basic
de2502a7b571606e9af40a081182caa7,2010/08/20,9.99,,basic
de2502a7b571606e9af40a081182caa7,2010/09/19,9.99,,basic
de2502a7b571606e9af40a081182caa7,2010/10/19,9.99,,basic
de2502a7b571606e9af40a081182caa7,2010/11/18,9.99,,basic
de2502a7b571606e9af40a081182caa7,2010/12/18,9.99,5%,basic
66e9772d4ffbf418be823e571d3fb2b5,2010/08/30,0.01,,basic
66e9772d4ffbf418be823e571d3fb2b5,2010/08/30,9.99,,basic
66e9772d4ffbf418be823e571d3fb2b5,2010/09/29,9.99,,basic
66e9772d4ffbf418be823e571d3fb2b5,2010/10/29,9.99,,basic
66e9772d4ffbf418be823e571d3fb2b5,2010/11/28,9.99,,basic
66e9772d4ffbf418be823e571d3fb2b5,2010/12/28,9.99,,basic
cc7b7c9e0d04474ccedfb7c6943405a0,2010/12/18,0.01,,basic
cc7b7c9e0d04474ccedfb7c6943405a0,2010/12/18,9.99,,basic
040831dd4f47912a7693e829b8e0cf1f,2010/02/03,0.01,,platinum
040831dd4f47912a7693e829b8e0cf1f,2010/02/03,29.99,,platinum
040831dd4f47912a7693e829b8e0cf1f,2010/03/05,29.99,,platinum
040831dd4f47912a7693e829b8e0cf1f,2010/04/04,29.99,,platinum
040831dd4f47912a7693e829b8e0cf1f,2010/05/04,29.99,,platinum
040831dd4f47912a7693e829b8e0cf1f,2010/06/03,29.99,,platinum
040831dd4f47912a7693e829b8e0cf1f,2010/07/03,29.99,,platinum
040831dd4f47912a7693e829b8e0cf1f,2010/08/02,29.99,,platinum
040831dd4f47912a7693e829b8e0cf1f,2010/09/01,29.99,,platinum
040831dd4f47912a7693e829b8e0cf1f,2010/10/01,29.99,,platinum
040831dd4f47912a7693e829b8e0cf1f,2010/10/31,29.99,,platinum
040831dd4f47912a7693e829b8e0cf1f,2010/11/30,29.99,,platinum
040831dd4f47912a7693e829b8e0cf1f,2010/12/30,29.99,,platinum
4f8025843b9b3cd0ae761da5ca754d60,2010/08/09,0.01,,basic
4f8025843b9b3cd0ae761da5ca754d60,2010/08/09,9.99,,basic
4f8025843b9b3cd0ae761da5ca754d60,2010/09/08,9.99,,basic
4f8025843b9b3cd0ae761da5ca754d60,2010/10/08,9.99,,basic
4f8025843b9b3cd0ae761da5ca754d60,2010/11/07,9.99,,basic
4f8025843b9b3cd0ae761da5ca754d60,2010/12/07,9.99,,basic
992fc1d02cf4a0130832ada3489f7b0b,2010/07/06,0.01,,deluxe
992fc1d02cf4a0130832ada3489f7b0b,2010/07/06,14.99,,deluxe
992fc1d02cf4a0130832ada3489f7b0b,2010/08/05,14.99,,deluxe
992fc1d02cf4a0130832ada3489f7b0b,2010/09/04,14.99,,deluxe
992fc1d02cf4a0130832ada3489f7b0b,2010/10/04,14.99,,deluxe
992fc1d02cf4a0130832ada3489f7b0b,2010/11/03,14.99,,deluxe
992fc1d02cf4a0130832ada3489f7b0b,2010/12/03,14.99,,deluxe
47609fbf4948bc716dbf426a687ebd7c,2010/11/13,0.01,,basic
47609fbf4948bc716dbf426a687ebd7c,2010/11/13,9.99,,basic
47609fbf4948bc716dbf426a687ebd7c,2010/12/13,9.99,,basic
5b41b7f5e7dc5585b971d8434d5ab86d,2010/02/02,0.01,,basic
5b41b7f5e7dc5585b971d8434d5ab86d,2010/02/02,9.99,,basic
5b41b7f5e7dc5585b971d8434d5ab86d,2010/03/04,9.99,5%,basic
5b41b7f5e7dc5585b971d8434d5ab86d,2010/04/03,9.99,,basic
5b41b7f5e7dc5585b971d8434d5ab86d,2010/05/03,9.99,,basic
5b41b7f5e7dc5585b971d8434d5ab86d,2010/06/02,9.99,,basic
5b41b7f5e7dc5585b971d8434d5ab86d,2010/07/02,9.99,,basic
5b41b7f5e7dc5585b971d8434d5ab86d,2010/08/01,9.99,,basic
5b41b7f5e7dc5585b971d8434d5ab86d,2010/08/31,9.99,,basic
5b41b7f5e7dc5585b971d8434d5ab86d,2010/09/30,9.99,,basic
5b41b7f5e7dc5585b971d8434d5ab86d,2010/10/30,9.99,,basic
5b41b7f5e7dc5585b971d8434d5ab86d,2010/11/29,9.99,,basic
5b41b7f5e7dc5585b971d8434d5ab86d,2010/12/29,9.99,,basic
fbb395e4fb8db8f6cddc58d9885dc34f,2010/11/27,0.01,,basic
fbb395e4fb8db8f6cddc58d9885dc34f,2010/11/27,9.99,,basic
fbb395e4fb8db8f6cddc58d9885dc34f,2010/12/27,9.99,,basic
52fb69c5957439dcc517b0a5e637063a,2010/01/11,0.01,,deluxe
52fb69c5957439dcc517b0a5e637063a,2010/01/11,14.99,,deluxe
52fb69c5957439dcc517b0a5e637063a,2010/02/10,14.99,,deluxe
52fb69c5957439dcc517b0a5e637063a,2010/03/12,14.99,,deluxe
52fb69c5957439dcc517b0a5e637063a,2010/04/11,14.99,,deluxe
52fb69c5957439dcc517b0a5e637063a,2010/05/11,14.99,,deluxe
52fb69c5957439dcc517b0a5e637063a,2010/06/10,14.99,,deluxe
52fb69c5957439dcc517b0a5e637063a,2010/07/10,14.99,,deluxe
52fb69c5957439dcc517b0a5e637063a,2010/08/09,14.99,,deluxe
52fb69c5957439dcc517b0a5e637063a,2010/09/08,14.99,,deluxe
52fb69c5957439dcc517b0a5e637063a,2010/10/08,14.99,,deluxe
52fb69c5957439dcc517b0a5e637063a,2010/11/07,14.99,,deluxe
52fb69c5957439dcc517b0a5e637063a,2010/12/07,14.99,,deluxe
768e23036dd4eb17056c4563864e04a2,2010/01/11,0.01,,deluxe
768e23036dd4eb17056c4563864e04a2,2010/01/11,14.99,,deluxe
768e23036dd4eb17056c4563864e04a2,2010/02/10,14.99,,deluxe
768e23036dd4eb17056c4563864e04a2,2010/03/12,14.99,,deluxe
768e23036dd4eb17056c4563864e04a2,2010/04/11,14.99,,deluxe
768e23036dd4eb17056c4563864e04a2,2010/05/11,14.99,,deluxe
768e23036dd4eb17056c4563864e04a2,2010/06/10,14.99,,deluxe
768e23036dd4eb17056c4563864e04a2,2010/07/10,14.99,,deluxe
768e23036dd4eb17056c4563864e04a2,2010/08/09,14.99,,deluxe
768e23036dd4eb17056c4563864e04a2,2010/09/08,14.99,,deluxe
768e23036dd4eb17056c4563864e04a2,2010/10/08,14.99,,deluxe
768e23036dd4eb17056c4563864e04a2,2010/11/07,14.99,,deluxe
768e23036dd4eb17056c4563864e04a2,2010/12/07,14.99,,deluxe
e7facc453b94ce85aabd759196179d8d,2010/06/21,0.01,,deluxe
e7facc453b94ce85aabd759196179d8d,2010/06/21,14.99,,deluxe
e7facc453b94ce85aabd759196179d8d,2010/07/21,14.99,,deluxe
e7facc453b94ce85aabd759196179d8d,2010/08/20,14.99,,deluxe
e7facc453b94ce85aabd759196179d8d,2010/09/19,14.99,10%,deluxe
e7facc453b94ce85aabd759196179d8d,2010/10/19,14.99,,deluxe
e7facc453b94ce85aabd759196179d8d,2010/11/18,14.99,,deluxe
e7facc453b94ce85aabd759196179d8d,2010/12/18,14.99,,deluxe
b4c3611d8d2bd201ec3e0ec04af0f240,2010/04/10,0.01,,basic
b4c3611d8d2bd201ec3e0ec04af0f240,2010/04/10,9.99,,basic
b4c3611d8d2bd201ec3e0ec04af0f240,2010/05/10,9.99,,basic
b4c3611d8d2bd201ec3e0ec04af0f240,2010/06/09,9.99,,basic
b4c3611d8d2bd201ec3e0ec04af0f240,2010/07/09,9.99,,basic
b4c3611d8d2bd201ec3e0ec04af0f240,2010/08/08,9.99,5%,basic
b4c3611d8d2bd201ec3e0ec04af0f240,2010/09/07,9.99,,basic
b4c3611d8d2bd201ec3e0ec04af0f240,2010/10/07,9.99,,basic
b4c3611d8d2bd201ec3e0ec04af0f240,2010/11/06,9.99,,basic
b4c3611d8d2bd201ec3e0ec04af0f240,2010/12/06,9.99,,basic
bd5b10f3d17cbe83c2128310eb5a7a54,2010/03/15,0.01,,basic
bd5b10f3d17cbe83c2128310eb5a7a54,2010/03/15,9.99,,basic
bd5b10f3d17cbe83c2128310eb5a7a54,2010/04/14,9.99,,basic
bd5b10f3d17cbe83c2128310eb5a7a54,2010/05/14,9.99,,basic
bd5b10f3d17cbe83c2128310eb5a7a54,2010/06/13,9.99,,basic
bd5b10f3d17cbe83c2128310eb5a7a54,2010/07/13,9.99,,basic
bd5b10f3d17cbe83c2128310eb5a7a54,2010/08/12,9.99,,basic
bd5b10f3d17cbe83c2128310eb5a7a54,2010/09/11,9.99,5%,basic
bd5b10f3d17cbe83c2128310eb5a7a54,2010/10/11,9.99,,basic
bd5b10f3d17cbe83c2128310eb5a7a54,2010/11/10,9.99,,basic
bd5b10f3d17cbe83c2128310eb5a7a54,2010/12/10,9.99,,basic
95c2877b355441b0e38400de231f180b,2010/03/01,0.01,,basic
95c2877b355441b0e38400de231f180b,2010/03/01,9.99,,basic
95c2877b355441b0e38400de231f180b,2010/03/31,9.99,,basic
95c2877b355441b0e38400de231f180b,2010/04/30,9.99,,basic
95c2877b355441b0e38400de231f180b,2010/05/30,9.99,,basic
95c2877b355441b0e38400de231f180b,2010/06/29,9.99,,basic
95c2877b355441b0e38400de231f180b,2010/07/29,9.99,,basic
95c2877b355441b0e38400de231f180b,2010/08/28,9.99,,basic
95c2877b355441b0e38400de231f180b,2010/09/27,9.99,,basic
95c2877b355441b0e38400de231f180b,2010/10/27,9.99,,basic
95c2877b355441b0e38400de231f180b,2010/11/26,9.99,,basic
95c2877b355441b0e38400de231f180b,2010/12/26,9.99,,basic
cdf98bc761d6da5644a1001c67563436,2010/10/27,0.01,,basic
cdf98bc761d6da5644a1001c67563436,2010/10/27,9.99,,basic
cdf98bc761d6da5644a1001c67563436,2010/11/26,9.99,,basic
cdf98bc761d6da5644a1001c67563436,2010/12/26,9.99,5%,basic
9a9b19df9ece6f7e6fbb6a19af2cc877,2010/05/25,0.01,,deluxe
9a9b19df9ece6f7e6fbb6a19af2cc877,2010/05/25,14.99,,deluxe
9a9b19df9ece6f7e6fbb6a19af2cc877,2010/06/24,14.99,,deluxe
9a9b19df9ece6f7e6fbb6a19af2cc877,2010/07/24,14.99,,deluxe
9a9b19df9ece6f7e6fbb6a19af2cc877,2010/08/23,14.99,,deluxe
9a9b19df9ece6f7e6fbb6a19af2cc877,2010/09/22,14.99,,deluxe
9a9b19df9ece6f7e6fbb6a19af2cc877,2010/10/22,14.99,,deluxe
9a9b19df9ece6f7e6fbb6a19af2cc877,2010/11/21,14.99,,deluxe
9a9b19df9ece6f7e6fbb6a19af2cc877,2010/12/21,14.99,,deluxe
8e1348d1ea3d60f748ffb33f15dab650,2010/08/24,0.01,,deluxe
8e1348d1ea3d60f748ffb33f15dab650,2010/08/24,14.99,,deluxe
8e1348d1ea3d60f748ffb33f15dab650,2010/09/23,14.99,10%,deluxe
8e1348d1ea3d60f748ffb33f15dab650,2010/10/23,14.99,,deluxe
8e1348d1ea3d60f748ffb33f15dab650,2010/11/22,14.99,,deluxe
8e1348d1ea3d60f748ffb33f15dab650,2010/12/22,14.99,,deluxe
7c3dc97a082e962ac28bb2df6902c1d6,2010/06/23,0.01,,basic
7c3dc97a082e962ac28bb2df6902c1d6,2010/06/23,9.99,5%,basic
7c3dc97a082e962ac28bb2df6902c1d6,2010/07/23,9.99,,basic
7c3dc97a082e962ac28bb2df6902c1d6,2010/08/22,9.99,,basic
7c3dc97a082e962ac28bb2df6902c1d6,2010/09/21,9.99,,basic
7c3dc97a082e962ac28bb2df6902c1d6,2010/10/21,9.99,10%,basic
7c3dc97a082e962ac28bb2df6902c1d6,2010/11/20,9.99,,basic
7c3dc97a082e962ac28bb2df6902c1d6,2010/12/20,9.99,,basic
2e42cf850f836414b4403a834f52fa88,2010/10/20,0.01,,basic
2e42cf850f836414b4403a834f52fa88,2010/10/20,9.99,,basic
2e42cf850f836414b4403a834f52fa88,2010/11/19,9.99,,basic
2e42cf850f836414b4403a834f52fa88,2010/12/19,9.99,,basic
119737a80956267cbe72e3d40a32bc5a,2010/02/16,0.01,,deluxe
119737a80956267cbe72e3d40a32bc5a,2010/02/16,14.99,,deluxe
119737a80956267cbe72e3d40a32bc5a,2010/03/18,14.99,,deluxe
119737a80956267cbe72e3d40a32bc5a,2010/04/17,14.99,,deluxe
119737a80956267cbe72e3d40a32bc5a,2010/05/17,14.99,,deluxe
119737a80956267cbe72e3d40a32bc5a,2010/06/16,14.99,,deluxe
119737a80956267cbe72e3d40a32bc5a,2010/07/16,14.99,,deluxe
119737a80956267cbe72e3d40a32bc5a,2010/08/15,14.99,,deluxe
119737a80956267cbe72e3d40a32bc5a,2010/09/14,14.99,,deluxe
119737a80956267cbe72e3d40a32bc5a,2010/10/14,14.99,,deluxe
119737a80956267cbe72e3d40a32bc5a,2010/11/13,14.99,,deluxe
119737a80956267cbe72e3d40a32bc5a,2010/12/13,14.99,,deluxe
0ea51d00d4e55777734476dc0a1d949f,2010/03/11,0.01,,basic
0ea51d00d4e55777734476dc0a1d949f,2010/03/11,9.99,5%,basic
0ea51d00d4e55777734476dc0a1d949f,2010/04/10,9.99,,basic
0ea51d00d4e55777734476dc0a1d949f,2010/05/10,9.99,,basic
0ea51d00d4e55777734476dc0a1d949f,2010/06/09,9.99,,basic
0ea51d00d4e55777734476dc0a1d949f,2010/07/09,9.99,,basic
0ea51d00d4e55777734476dc0a1d949f,2010/08/08,9.99,,basic
0ea51d00d4e55777734476dc0a1d949f,2010/09/07,9.99,,basic
0ea51d00d4e55777734476dc0a1d949f,2010/10/07,9.99,,basic
0ea51d00d4e55777734476dc0a1d949f,2010/11/06,9.99,,basic
0ea51d00d4e55777734476dc0a1d949f,2010/12/06,9.99,,basic
44e2c53a5500ccec5bbbd33932315645,2010/07/27,0.01,,basic
44e2c53a5500ccec5bbbd33932315645,2010/07/27,9.99,,basic
44e2c53a5500ccec5bbbd33932315645,2010/08/26,9.99,,basic
44e2c53a5500ccec5bbbd33932315645,2010/09/25,9.99,,basic
44e2c53a5500ccec5bbbd33932315645,2010/10/25,9.99,,basic
44e2c53a5500ccec5bbbd33932315645,2010/11/24,9.99,,basic
44e2c53a5500ccec5bbbd33932315645,2010/12/24,9.99,,basic
c16153a96b7987e8ef65b091a03ae23b,2010/04/27,0.01,,basic
c16153a96b7987e8ef65b091a03ae23b,2010/04/27,9.99,,basic
c16153a96b7987e8ef65b091a03ae23b,2010/05/27,9.99,,basic
c16153a96b7987e8ef65b091a03ae23b,2010/06/26,9.99,,basic
c16153a96b7987e8ef65b091a03ae23b,2010/07/26,9.99,,basic
c16153a96b7987e8ef65b091a03ae23b,2010/08/25,9.99,,basic
c16153a96b7987e8ef65b091a03ae23b,2010/09/24,9.99,,basic
c16153a96b7987e8ef65b091a03ae23b,2010/10/24,9.99,5%,basic
c16153a96b7987e8ef65b091a03ae23b,2010/11/23,9.99,,basic
c16153a96b7987e8ef65b091a03ae23b,2010/12/23,9.99,,basic
a5e3a520b98922c3b7fa14bcbf16ba74,2010/04/12,0.01,,deluxe
a5e3a520b98922c3b7fa14bcbf16ba74,2010/04/12,14.99,,deluxe
a5e3a520b98922c3b7fa14bcbf16ba74,2010/05/12,14.99,,deluxe
a5e3a520b98922c3b7fa14bcbf16ba74,2010/06/11,14.99,,deluxe
a5e3a520b98922c3b7fa14bcbf16ba74,2010/07/11,14.99,,deluxe
a5e3a520b98922c3b7fa14bcbf16ba74,2010/08/10,14.99,5%,deluxe
a5e3a520b98922c3b7fa14bcbf16ba74,2010/09/09,14.99,,deluxe
a5e3a520b98922c3b7fa14bcbf16ba74,2010/10/09,14.99,,deluxe
a5e3a520b98922c3b7fa14bcbf16ba74,2010/11/08,14.99,,deluxe
a5e3a520b98922c3b7fa14bcbf16ba74,2010/12/08,14.99,,deluxe
4fea9bd9acd01e8ba1b08471b1616d59,2010/01/26,0.01,,deluxe
4fea9bd9acd01e8ba1b08471b1616d59,2010/01/26,14.99,,deluxe
4fea9bd9acd01e8ba1b08471b1616d59,2010/02/25,14.99,,deluxe
4fea9bd9acd01e8ba1b08471b1616d59,2010/03/27,14.99,,deluxe
4fea9bd9acd01e8ba1b08471b1616d59,2010/04/26,14.99,,deluxe
4fea9bd9acd01e8ba1b08471b1616d59,2010/05/26,14.99,,deluxe
4fea9bd9acd01e8ba1b08471b1616d59,2010/06/25,14.99,,deluxe
4fea9bd9acd01e8ba1b08471b1616d59,2010/07/25,14.99,,deluxe
4fea9bd9acd01e8ba1b08471b1616d59,2010/08/24,14.99,,deluxe
4fea9bd9acd01e8ba1b08471b1616d59,2010/09/23,14.99,,deluxe
4fea9bd9acd01e8ba1b08471b1616d59,2010/10/23,14.99,,deluxe
4fea9bd9acd01e8ba1b08471b1616d59,2010/11/22,14.99,,deluxe
4fea9bd9acd01e8ba1b08471b1616d59,2010/12/22,14.99,5%,deluxe
f2ed9b06e2abc8df15f7140b9e3e9715,2010/03/12,0.01,,basic
f2ed9b06e2abc8df15f7140b9e3e9715,2010/03/12,9.99,,basic
f2ed9b06e2abc8df15f7140b9e3e9715,2010/04/11,9.99,,basic
f2ed9b06e2abc8df15f7140b9e3e9715,2010/05/11,9.99,,basic
f2ed9b06e2abc8df15f7140b9e3e9715,2010/06/10,9.99,,basic
f2ed9b06e2abc8df15f7140b9e3e9715,2010/07/10,9.99,,basic
f2ed9b06e2abc8df15f7140b9e3e9715,2010/08/09,9.99,,basic
f2ed9b06e2abc8df15f7140b9e3e9715,2010/09/08,9.99,,basic
f2ed9b06e2abc8df15f7140b9e3e9715,2010/10/08,9.99,,basic
f2ed9b06e2abc8df15f7140b9e3e9715,2010/11/07,9.99,,basic
f2ed9b06e2abc8df15f7140b9e3e9715,2010/12/07,9.99,,basic
f823fdd090d1aea8b4f8f87b3ec4bc38,2010/03/30,0.01,,basic
f823fdd090d1aea8b4f8f87b3ec4bc38,2010/03/30,9.99,,basic
f823fdd090d1aea8b4f8f87b3ec4bc38,2010/04/29,9.99,,basic
f823fdd090d1aea8b4f8f87b3ec4bc38,2010/05/29,9.99,,basic
f823fdd090d1aea8b4f8f87b3ec4bc38,2010/06/28,9.99,,basic
f823fdd090d1aea8b4f8f87b3ec4bc38,2010/07/28,9.99,,basic
f823fdd090d1aea8b4f8f87b3ec4bc38,2010/08/27,9.99,,basic
f823fdd090d1aea8b4f8f87b3ec4bc38,2010/09/26,9.99,,basic
f823fdd090d1aea8b4f8f87b3ec4bc38,2010/10/26,9.99,,basic
f823fdd090d1aea8b4f8f87b3ec4bc38,2010/11/25,9.99,,basic
f823fdd090d1aea8b4f8f87b3ec4bc38,2010/12/25,9.99,,basic
aa887c92d94ca869804bd55f2c26c33f,2010/11/08,0.01,,deluxe
aa887c92d94ca869804bd55f2c26c33f,2010/11/08,14.99,,deluxe
aa887c92d94ca869804bd55f2c26c33f,2010/12/08,14.99,,deluxe
ebca8c866b4015ce219c80324dd009b3,2010/01/28,0.01,,deluxe
ebca8c866b4015ce219c80324dd009b3,2010/01/28,14.99,,deluxe
ebca8c866b4015ce219c80324dd009b3,2010/02/27,14.99,,deluxe
ebca8c866b4015ce219c80324dd009b3,2010/03/29,14.99,,deluxe
ebca8c866b4015ce219c80324dd009b3,2010/04/28,14.99,5%,deluxe
ebca8c866b4015ce219c80324dd009b3,2010/05/28,14.99,,deluxe
ebca8c866b4015ce219c80324dd009b3,2010/06/27,14.99,,deluxe
ebca8c866b4015ce219c80324dd009b3,2010/07/27,14.99,20%,deluxe
ebca8c866b4015ce219c80324dd009b3,2010/08/26,14.99,,deluxe
ebca8c866b4015ce219c80324dd009b3,2010/09/25,14.99,,deluxe
ebca8c866b4015ce219c80324dd009b3,2010/10/25,14.99,,deluxe
ebca8c866b4015ce219c80324dd009b3,2010/11/24,14.99,,deluxe
ebca8c866b4015ce219c80324dd009b3,2010/12/24,14.99,,deluxe
e29d1c987eaebfccf8f74d433af48e5a,2010/07/11,0.01,,basic
e29d1c987eaebfccf8f74d433af48e5a,2010/07/11,9.99,,basic
e29d1c987eaebfccf8f74d433af48e5a,2010/08/10,9.99,,basic
e29d1c987eaebfccf8f74d433af48e5a,2010/09/09,9.99,,basic
4ab1aab411cac804eed20196b694062c,2010/12/01,0.01,,basic
4ab1aab411cac804eed20196b694062c,2010/12/01,9.99,,basic
4ab1aab411cac804eed20196b694062c,2010/12/31,9.99,,basic
f9e94a8c740618677835b25cf1ed4c92,2010/01/27,0.01,,deluxe
f9e94a8c740618677835b25cf1ed4c92,2010/01/27,14.99,10%,deluxe
f9e94a8c740618677835b25cf1ed4c92,2010/02/26,14.99,,deluxe
f9e94a8c740618677835b25cf1ed4c92,2010/03/28,14.99,10%,deluxe
f9e94a8c740618677835b25cf1ed4c92,2010/04/27,14.99,,deluxe
f9e94a8c740618677835b25cf1ed4c92,2010/05/27,14.99,,deluxe
f9e94a8c740618677835b25cf1ed4c92,2010/06/26,14.99,,deluxe
f9e94a8c740618677835b25cf1ed4c92,2010/07/26,14.99,,deluxe
f9e94a8c740618677835b25cf1ed4c92,2010/08/25,14.99,,deluxe
f9e94a8c740618677835b25cf1ed4c92,2010/09/24,14.99,,deluxe
f9e94a8c740618677835b25cf1ed4c92,2010/10/24,14.99,,deluxe
f9e94a8c740618677835b25cf1ed4c92,2010/11/23,14.99,5%,deluxe
f9e94a8c740618677835b25cf1ed4c92,2010/12/23,14.99,,deluxe
1754b5524f94948b418771b48d86b4b0,2010/03/09,0.01,,basic
1754b5524f94948b418771b48d86b4b0,2010/03/09,9.99,,basic
1754b5524f94948b418771b48d86b4b0,2010/04/08,9.99,,basic
1754b5524f94948b418771b48d86b4b0,2010/05/08,9.99,,basic
1754b5524f94948b418771b48d86b4b0,2010/06/07,9.99,,basic
1754b5524f94948b418771b48d86b4b0,2010/07/07,9.99,,basic
1754b5524f94948b418771b48d86b4b0,2010/08/06,9.99,,basic
1754b5524f94948b418771b48d86b4b0,2010/09/05,9.99,,basic
1754b5524f94948b418771b48d86b4b0,2010/10/05,9.99,,basic
1754b5524f94948b418771b48d86b4b0,2010/11/04,9.99,,basic
1754b5524f94948b418771b48d86b4b0,2010/12/04,9.99,,basic
2e7eb06364a45a21d9a41d7d3fe8984b,2010/12/21,0.01,,deluxe
2e7eb06364a45a21d9a41d7d3fe8984b,2010/12/21,14.99,,deluxe
ba2f841b2caf0359d4e8618a2e4f29ee,2010/08/30,0.01,,basic
ba2f841b2caf0359d4e8618a2e4f29ee,2010/08/30,9.99,,basic
ba2f841b2caf0359d4e8618a2e4f29ee,2010/09/29,9.99,,basic
ba2f841b2caf0359d4e8618a2e4f29ee,2010/10/29,9.99,,basic
ba2f841b2caf0359d4e8618a2e4f29ee,2010/11/28,9.99,,basic
ba2f841b2caf0359d4e8618a2e4f29ee,2010/12/28,9.99,,basic
